image,mask,non_expert_mask,test_img,test_mask
microUS_01_img_slice_0,microUS_01_gt_slice_0,microUS_01_st_slice_0,microUS_test_01,expert_annotation_test_01
microUS_01_img_slice_1,microUS_01_gt_slice_1,microUS_01_st_slice_1,microUS_test_02,expert_annotation_test_02
microUS_01_img_slice_10,microUS_01_gt_slice_10,microUS_01_st_slice_10,microUS_test_03,expert_annotation_test_03
microUS_01_img_slice_11,microUS_01_gt_slice_11,microUS_01_st_slice_11,microUS_test_04,expert_annotation_test_04
microUS_01_img_slice_12,microUS_01_gt_slice_12,microUS_01_st_slice_12,microUS_test_05,expert_annotation_test_05
microUS_01_img_slice_13,microUS_01_gt_slice_13,microUS_01_st_slice_13,microUS_test_06,expert_annotation_test_06
microUS_01_img_slice_14,microUS_01_gt_slice_14,microUS_01_st_slice_14,microUS_test_07,expert_annotation_test_07
microUS_01_img_slice_15,microUS_01_gt_slice_15,microUS_01_st_slice_15,microUS_test_08,expert_annotation_test_08
microUS_01_img_slice_16,microUS_01_gt_slice_16,microUS_01_st_slice_16,microUS_test_09,expert_annotation_test_09
microUS_01_img_slice_17,microUS_01_gt_slice_17,microUS_01_st_slice_17,microUS_test_10,expert_annotation_test_10
microUS_01_img_slice_18,microUS_01_gt_slice_18,microUS_01_st_slice_18,microUS_test_11,expert_annotation_test_11
microUS_01_img_slice_19,microUS_01_gt_slice_19,microUS_01_st_slice_19,microUS_test_12,expert_annotation_test_12
microUS_01_img_slice_2,microUS_01_gt_slice_2,microUS_01_st_slice_2,microUS_test_13,expert_annotation_test_13
microUS_01_img_slice_20,microUS_01_gt_slice_20,microUS_01_st_slice_20,microUS_test_14,expert_annotation_test_14
microUS_01_img_slice_21,microUS_01_gt_slice_21,microUS_01_st_slice_21,microUS_test_15,expert_annotation_test_15
microUS_01_img_slice_22,microUS_01_gt_slice_22,microUS_01_st_slice_22,microUS_test_16,expert_annotation_test_16
microUS_01_img_slice_23,microUS_01_gt_slice_23,microUS_01_st_slice_23,microUS_test_17,expert_annotation_test_17
microUS_01_img_slice_24,microUS_01_gt_slice_24,microUS_01_st_slice_24,microUS_test_18,expert_annotation_test_18
microUS_01_img_slice_25,microUS_01_gt_slice_25,microUS_01_st_slice_25,microUS_test_19,expert_annotation_test_19
microUS_01_img_slice_26,microUS_01_gt_slice_26,microUS_01_st_slice_26,microUS_test_20,expert_annotation_test_20
microUS_01_img_slice_27,microUS_01_gt_slice_27,microUS_01_st_slice_27,,
microUS_01_img_slice_28,microUS_01_gt_slice_28,microUS_01_st_slice_28,,
microUS_01_img_slice_29,microUS_01_gt_slice_29,microUS_01_st_slice_29,,
microUS_01_img_slice_3,microUS_01_gt_slice_3,microUS_01_st_slice_3,,
microUS_01_img_slice_30,microUS_01_gt_slice_30,microUS_01_st_slice_30,,
microUS_01_img_slice_31,microUS_01_gt_slice_31,microUS_01_st_slice_31,,
microUS_01_img_slice_32,microUS_01_gt_slice_32,microUS_01_st_slice_32,,
microUS_01_img_slice_33,microUS_01_gt_slice_33,microUS_01_st_slice_33,,
microUS_01_img_slice_34,microUS_01_gt_slice_34,microUS_01_st_slice_34,,
microUS_01_img_slice_35,microUS_01_gt_slice_35,microUS_01_st_slice_35,,
microUS_01_img_slice_36,microUS_01_gt_slice_36,microUS_01_st_slice_36,,
microUS_01_img_slice_37,microUS_01_gt_slice_37,microUS_01_st_slice_37,,
microUS_01_img_slice_38,microUS_01_gt_slice_38,microUS_01_st_slice_38,,
microUS_01_img_slice_39,microUS_01_gt_slice_39,microUS_01_st_slice_39,,
microUS_01_img_slice_4,microUS_01_gt_slice_4,microUS_01_st_slice_4,,
microUS_01_img_slice_40,microUS_01_gt_slice_40,microUS_01_st_slice_40,,
microUS_01_img_slice_41,microUS_01_gt_slice_41,microUS_01_st_slice_41,,
microUS_01_img_slice_42,microUS_01_gt_slice_42,microUS_01_st_slice_42,,
microUS_01_img_slice_43,microUS_01_gt_slice_43,microUS_01_st_slice_43,,
microUS_01_img_slice_44,microUS_01_gt_slice_44,microUS_01_st_slice_44,,
microUS_01_img_slice_5,microUS_01_gt_slice_5,microUS_01_st_slice_5,,
microUS_01_img_slice_6,microUS_01_gt_slice_6,microUS_01_st_slice_6,,
microUS_01_img_slice_7,microUS_01_gt_slice_7,microUS_01_st_slice_7,,
microUS_01_img_slice_8,microUS_01_gt_slice_8,microUS_01_st_slice_8,,
microUS_01_img_slice_9,microUS_01_gt_slice_9,microUS_01_st_slice_9,,
microUS_02_img_slice_0,microUS_02_gt_slice_0,microUS_02_st_slice_0,,
microUS_02_img_slice_1,microUS_02_gt_slice_1,microUS_02_st_slice_1,,
microUS_02_img_slice_10,microUS_02_gt_slice_10,microUS_02_st_slice_10,,
microUS_02_img_slice_11,microUS_02_gt_slice_11,microUS_02_st_slice_11,,
microUS_02_img_slice_12,microUS_02_gt_slice_12,microUS_02_st_slice_12,,
microUS_02_img_slice_13,microUS_02_gt_slice_13,microUS_02_st_slice_13,,
microUS_02_img_slice_14,microUS_02_gt_slice_14,microUS_02_st_slice_14,,
microUS_02_img_slice_15,microUS_02_gt_slice_15,microUS_02_st_slice_15,,
microUS_02_img_slice_16,microUS_02_gt_slice_16,microUS_02_st_slice_16,,
microUS_02_img_slice_17,microUS_02_gt_slice_17,microUS_02_st_slice_17,,
microUS_02_img_slice_18,microUS_02_gt_slice_18,microUS_02_st_slice_18,,
microUS_02_img_slice_19,microUS_02_gt_slice_19,microUS_02_st_slice_19,,
microUS_02_img_slice_2,microUS_02_gt_slice_2,microUS_02_st_slice_2,,
microUS_02_img_slice_20,microUS_02_gt_slice_20,microUS_02_st_slice_20,,
microUS_02_img_slice_21,microUS_02_gt_slice_21,microUS_02_st_slice_21,,
microUS_02_img_slice_22,microUS_02_gt_slice_22,microUS_02_st_slice_22,,
microUS_02_img_slice_23,microUS_02_gt_slice_23,microUS_02_st_slice_23,,
microUS_02_img_slice_24,microUS_02_gt_slice_24,microUS_02_st_slice_24,,
microUS_02_img_slice_25,microUS_02_gt_slice_25,microUS_02_st_slice_25,,
microUS_02_img_slice_26,microUS_02_gt_slice_26,microUS_02_st_slice_26,,
microUS_02_img_slice_27,microUS_02_gt_slice_27,microUS_02_st_slice_27,,
microUS_02_img_slice_28,microUS_02_gt_slice_28,microUS_02_st_slice_28,,
microUS_02_img_slice_29,microUS_02_gt_slice_29,microUS_02_st_slice_29,,
microUS_02_img_slice_3,microUS_02_gt_slice_3,microUS_02_st_slice_3,,
microUS_02_img_slice_30,microUS_02_gt_slice_30,microUS_02_st_slice_30,,
microUS_02_img_slice_31,microUS_02_gt_slice_31,microUS_02_st_slice_31,,
microUS_02_img_slice_32,microUS_02_gt_slice_32,microUS_02_st_slice_32,,
microUS_02_img_slice_33,microUS_02_gt_slice_33,microUS_02_st_slice_33,,
microUS_02_img_slice_34,microUS_02_gt_slice_34,microUS_02_st_slice_34,,
microUS_02_img_slice_35,microUS_02_gt_slice_35,microUS_02_st_slice_35,,
microUS_02_img_slice_36,microUS_02_gt_slice_36,microUS_02_st_slice_36,,
microUS_02_img_slice_37,microUS_02_gt_slice_37,microUS_02_st_slice_37,,
microUS_02_img_slice_38,microUS_02_gt_slice_38,microUS_02_st_slice_38,,
microUS_02_img_slice_4,microUS_02_gt_slice_4,microUS_02_st_slice_4,,
microUS_02_img_slice_5,microUS_02_gt_slice_5,microUS_02_st_slice_5,,
microUS_02_img_slice_6,microUS_02_gt_slice_6,microUS_02_st_slice_6,,
microUS_02_img_slice_7,microUS_02_gt_slice_7,microUS_02_st_slice_7,,
microUS_02_img_slice_8,microUS_02_gt_slice_8,microUS_02_st_slice_8,,
microUS_02_img_slice_9,microUS_02_gt_slice_9,microUS_02_st_slice_9,,
microUS_03_img_slice_0,microUS_03_gt_slice_0,microUS_03_st_slice_0,,
microUS_03_img_slice_1,microUS_03_gt_slice_1,microUS_03_st_slice_1,,
microUS_03_img_slice_10,microUS_03_gt_slice_10,microUS_03_st_slice_10,,
microUS_03_img_slice_11,microUS_03_gt_slice_11,microUS_03_st_slice_11,,
microUS_03_img_slice_12,microUS_03_gt_slice_12,microUS_03_st_slice_12,,
microUS_03_img_slice_13,microUS_03_gt_slice_13,microUS_03_st_slice_13,,
microUS_03_img_slice_14,microUS_03_gt_slice_14,microUS_03_st_slice_14,,
microUS_03_img_slice_15,microUS_03_gt_slice_15,microUS_03_st_slice_15,,
microUS_03_img_slice_16,microUS_03_gt_slice_16,microUS_03_st_slice_16,,
microUS_03_img_slice_17,microUS_03_gt_slice_17,microUS_03_st_slice_17,,
microUS_03_img_slice_18,microUS_03_gt_slice_18,microUS_03_st_slice_18,,
microUS_03_img_slice_19,microUS_03_gt_slice_19,microUS_03_st_slice_19,,
microUS_03_img_slice_2,microUS_03_gt_slice_2,microUS_03_st_slice_2,,
microUS_03_img_slice_20,microUS_03_gt_slice_20,microUS_03_st_slice_20,,
microUS_03_img_slice_21,microUS_03_gt_slice_21,microUS_03_st_slice_21,,
microUS_03_img_slice_22,microUS_03_gt_slice_22,microUS_03_st_slice_22,,
microUS_03_img_slice_23,microUS_03_gt_slice_23,microUS_03_st_slice_23,,
microUS_03_img_slice_24,microUS_03_gt_slice_24,microUS_03_st_slice_24,,
microUS_03_img_slice_25,microUS_03_gt_slice_25,microUS_03_st_slice_25,,
microUS_03_img_slice_26,microUS_03_gt_slice_26,microUS_03_st_slice_26,,
microUS_03_img_slice_27,microUS_03_gt_slice_27,microUS_03_st_slice_27,,
microUS_03_img_slice_28,microUS_03_gt_slice_28,microUS_03_st_slice_28,,
microUS_03_img_slice_29,microUS_03_gt_slice_29,microUS_03_st_slice_29,,
microUS_03_img_slice_3,microUS_03_gt_slice_3,microUS_03_st_slice_3,,
microUS_03_img_slice_30,microUS_03_gt_slice_30,microUS_03_st_slice_30,,
microUS_03_img_slice_31,microUS_03_gt_slice_31,microUS_03_st_slice_31,,
microUS_03_img_slice_32,microUS_03_gt_slice_32,microUS_03_st_slice_32,,
microUS_03_img_slice_4,microUS_03_gt_slice_4,microUS_03_st_slice_4,,
microUS_03_img_slice_5,microUS_03_gt_slice_5,microUS_03_st_slice_5,,
microUS_03_img_slice_6,microUS_03_gt_slice_6,microUS_03_st_slice_6,,
microUS_03_img_slice_7,microUS_03_gt_slice_7,microUS_03_st_slice_7,,
microUS_03_img_slice_8,microUS_03_gt_slice_8,microUS_03_st_slice_8,,
microUS_03_img_slice_9,microUS_03_gt_slice_9,microUS_03_st_slice_9,,
microUS_04_img_slice_0,microUS_04_gt_slice_0,microUS_04_st_slice_0,,
microUS_04_img_slice_1,microUS_04_gt_slice_1,microUS_04_st_slice_1,,
microUS_04_img_slice_10,microUS_04_gt_slice_10,microUS_04_st_slice_10,,
microUS_04_img_slice_11,microUS_04_gt_slice_11,microUS_04_st_slice_11,,
microUS_04_img_slice_12,microUS_04_gt_slice_12,microUS_04_st_slice_12,,
microUS_04_img_slice_13,microUS_04_gt_slice_13,microUS_04_st_slice_13,,
microUS_04_img_slice_14,microUS_04_gt_slice_14,microUS_04_st_slice_14,,
microUS_04_img_slice_15,microUS_04_gt_slice_15,microUS_04_st_slice_15,,
microUS_04_img_slice_16,microUS_04_gt_slice_16,microUS_04_st_slice_16,,
microUS_04_img_slice_17,microUS_04_gt_slice_17,microUS_04_st_slice_17,,
microUS_04_img_slice_18,microUS_04_gt_slice_18,microUS_04_st_slice_18,,
microUS_04_img_slice_19,microUS_04_gt_slice_19,microUS_04_st_slice_19,,
microUS_04_img_slice_2,microUS_04_gt_slice_2,microUS_04_st_slice_2,,
microUS_04_img_slice_20,microUS_04_gt_slice_20,microUS_04_st_slice_20,,
microUS_04_img_slice_21,microUS_04_gt_slice_21,microUS_04_st_slice_21,,
microUS_04_img_slice_22,microUS_04_gt_slice_22,microUS_04_st_slice_22,,
microUS_04_img_slice_23,microUS_04_gt_slice_23,microUS_04_st_slice_23,,
microUS_04_img_slice_24,microUS_04_gt_slice_24,microUS_04_st_slice_24,,
microUS_04_img_slice_25,microUS_04_gt_slice_25,microUS_04_st_slice_25,,
microUS_04_img_slice_26,microUS_04_gt_slice_26,microUS_04_st_slice_26,,
microUS_04_img_slice_27,microUS_04_gt_slice_27,microUS_04_st_slice_27,,
microUS_04_img_slice_28,microUS_04_gt_slice_28,microUS_04_st_slice_28,,
microUS_04_img_slice_29,microUS_04_gt_slice_29,microUS_04_st_slice_29,,
microUS_04_img_slice_3,microUS_04_gt_slice_3,microUS_04_st_slice_3,,
microUS_04_img_slice_30,microUS_04_gt_slice_30,microUS_04_st_slice_30,,
microUS_04_img_slice_31,microUS_04_gt_slice_31,microUS_04_st_slice_31,,
microUS_04_img_slice_32,microUS_04_gt_slice_32,microUS_04_st_slice_32,,
microUS_04_img_slice_33,microUS_04_gt_slice_33,microUS_04_st_slice_33,,
microUS_04_img_slice_34,microUS_04_gt_slice_34,microUS_04_st_slice_34,,
microUS_04_img_slice_35,microUS_04_gt_slice_35,microUS_04_st_slice_35,,
microUS_04_img_slice_36,microUS_04_gt_slice_36,microUS_04_st_slice_36,,
microUS_04_img_slice_37,microUS_04_gt_slice_37,microUS_04_st_slice_37,,
microUS_04_img_slice_38,microUS_04_gt_slice_38,microUS_04_st_slice_38,,
microUS_04_img_slice_39,microUS_04_gt_slice_39,microUS_04_st_slice_39,,
microUS_04_img_slice_4,microUS_04_gt_slice_4,microUS_04_st_slice_4,,
microUS_04_img_slice_40,microUS_04_gt_slice_40,microUS_04_st_slice_40,,
microUS_04_img_slice_41,microUS_04_gt_slice_41,microUS_04_st_slice_41,,
microUS_04_img_slice_42,microUS_04_gt_slice_42,microUS_04_st_slice_42,,
microUS_04_img_slice_43,microUS_04_gt_slice_43,microUS_04_st_slice_43,,
microUS_04_img_slice_44,microUS_04_gt_slice_44,microUS_04_st_slice_44,,
microUS_04_img_slice_5,microUS_04_gt_slice_5,microUS_04_st_slice_5,,
microUS_04_img_slice_6,microUS_04_gt_slice_6,microUS_04_st_slice_6,,
microUS_04_img_slice_7,microUS_04_gt_slice_7,microUS_04_st_slice_7,,
microUS_04_img_slice_8,microUS_04_gt_slice_8,microUS_04_st_slice_8,,
microUS_04_img_slice_9,microUS_04_gt_slice_9,microUS_04_st_slice_9,,
microUS_05_img_slice_0,microUS_05_gt_slice_0,microUS_05_st_slice_0,,
microUS_05_img_slice_1,microUS_05_gt_slice_1,microUS_05_st_slice_1,,
microUS_05_img_slice_10,microUS_05_gt_slice_10,microUS_05_st_slice_10,,
microUS_05_img_slice_11,microUS_05_gt_slice_11,microUS_05_st_slice_11,,
microUS_05_img_slice_12,microUS_05_gt_slice_12,microUS_05_st_slice_12,,
microUS_05_img_slice_13,microUS_05_gt_slice_13,microUS_05_st_slice_13,,
microUS_05_img_slice_14,microUS_05_gt_slice_14,microUS_05_st_slice_14,,
microUS_05_img_slice_15,microUS_05_gt_slice_15,microUS_05_st_slice_15,,
microUS_05_img_slice_16,microUS_05_gt_slice_16,microUS_05_st_slice_16,,
microUS_05_img_slice_17,microUS_05_gt_slice_17,microUS_05_st_slice_17,,
microUS_05_img_slice_18,microUS_05_gt_slice_18,microUS_05_st_slice_18,,
microUS_05_img_slice_19,microUS_05_gt_slice_19,microUS_05_st_slice_19,,
microUS_05_img_slice_2,microUS_05_gt_slice_2,microUS_05_st_slice_2,,
microUS_05_img_slice_20,microUS_05_gt_slice_20,microUS_05_st_slice_20,,
microUS_05_img_slice_21,microUS_05_gt_slice_21,microUS_05_st_slice_21,,
microUS_05_img_slice_22,microUS_05_gt_slice_22,microUS_05_st_slice_22,,
microUS_05_img_slice_23,microUS_05_gt_slice_23,microUS_05_st_slice_23,,
microUS_05_img_slice_24,microUS_05_gt_slice_24,microUS_05_st_slice_24,,
microUS_05_img_slice_25,microUS_05_gt_slice_25,microUS_05_st_slice_25,,
microUS_05_img_slice_26,microUS_05_gt_slice_26,microUS_05_st_slice_26,,
microUS_05_img_slice_27,microUS_05_gt_slice_27,microUS_05_st_slice_27,,
microUS_05_img_slice_28,microUS_05_gt_slice_28,microUS_05_st_slice_28,,
microUS_05_img_slice_29,microUS_05_gt_slice_29,microUS_05_st_slice_29,,
microUS_05_img_slice_3,microUS_05_gt_slice_3,microUS_05_st_slice_3,,
microUS_05_img_slice_30,microUS_05_gt_slice_30,microUS_05_st_slice_30,,
microUS_05_img_slice_31,microUS_05_gt_slice_31,microUS_05_st_slice_31,,
microUS_05_img_slice_32,microUS_05_gt_slice_32,microUS_05_st_slice_32,,
microUS_05_img_slice_33,microUS_05_gt_slice_33,microUS_05_st_slice_33,,
microUS_05_img_slice_34,microUS_05_gt_slice_34,microUS_05_st_slice_34,,
microUS_05_img_slice_35,microUS_05_gt_slice_35,microUS_05_st_slice_35,,
microUS_05_img_slice_36,microUS_05_gt_slice_36,microUS_05_st_slice_36,,
microUS_05_img_slice_37,microUS_05_gt_slice_37,microUS_05_st_slice_37,,
microUS_05_img_slice_38,microUS_05_gt_slice_38,microUS_05_st_slice_38,,
microUS_05_img_slice_39,microUS_05_gt_slice_39,microUS_05_st_slice_39,,
microUS_05_img_slice_4,microUS_05_gt_slice_4,microUS_05_st_slice_4,,
microUS_05_img_slice_5,microUS_05_gt_slice_5,microUS_05_st_slice_5,,
microUS_05_img_slice_6,microUS_05_gt_slice_6,microUS_05_st_slice_6,,
microUS_05_img_slice_7,microUS_05_gt_slice_7,microUS_05_st_slice_7,,
microUS_05_img_slice_8,microUS_05_gt_slice_8,microUS_05_st_slice_8,,
microUS_05_img_slice_9,microUS_05_gt_slice_9,microUS_05_st_slice_9,,
microUS_06_img_slice_0,microUS_06_gt_slice_0,microUS_06_st_slice_0,,
microUS_06_img_slice_1,microUS_06_gt_slice_1,microUS_06_st_slice_1,,
microUS_06_img_slice_10,microUS_06_gt_slice_10,microUS_06_st_slice_10,,
microUS_06_img_slice_11,microUS_06_gt_slice_11,microUS_06_st_slice_11,,
microUS_06_img_slice_12,microUS_06_gt_slice_12,microUS_06_st_slice_12,,
microUS_06_img_slice_13,microUS_06_gt_slice_13,microUS_06_st_slice_13,,
microUS_06_img_slice_14,microUS_06_gt_slice_14,microUS_06_st_slice_14,,
microUS_06_img_slice_15,microUS_06_gt_slice_15,microUS_06_st_slice_15,,
microUS_06_img_slice_16,microUS_06_gt_slice_16,microUS_06_st_slice_16,,
microUS_06_img_slice_17,microUS_06_gt_slice_17,microUS_06_st_slice_17,,
microUS_06_img_slice_18,microUS_06_gt_slice_18,microUS_06_st_slice_18,,
microUS_06_img_slice_19,microUS_06_gt_slice_19,microUS_06_st_slice_19,,
microUS_06_img_slice_2,microUS_06_gt_slice_2,microUS_06_st_slice_2,,
microUS_06_img_slice_20,microUS_06_gt_slice_20,microUS_06_st_slice_20,,
microUS_06_img_slice_21,microUS_06_gt_slice_21,microUS_06_st_slice_21,,
microUS_06_img_slice_22,microUS_06_gt_slice_22,microUS_06_st_slice_22,,
microUS_06_img_slice_23,microUS_06_gt_slice_23,microUS_06_st_slice_23,,
microUS_06_img_slice_24,microUS_06_gt_slice_24,microUS_06_st_slice_24,,
microUS_06_img_slice_25,microUS_06_gt_slice_25,microUS_06_st_slice_25,,
microUS_06_img_slice_26,microUS_06_gt_slice_26,microUS_06_st_slice_26,,
microUS_06_img_slice_27,microUS_06_gt_slice_27,microUS_06_st_slice_27,,
microUS_06_img_slice_28,microUS_06_gt_slice_28,microUS_06_st_slice_28,,
microUS_06_img_slice_29,microUS_06_gt_slice_29,microUS_06_st_slice_29,,
microUS_06_img_slice_3,microUS_06_gt_slice_3,microUS_06_st_slice_3,,
microUS_06_img_slice_30,microUS_06_gt_slice_30,microUS_06_st_slice_30,,
microUS_06_img_slice_4,microUS_06_gt_slice_4,microUS_06_st_slice_4,,
microUS_06_img_slice_5,microUS_06_gt_slice_5,microUS_06_st_slice_5,,
microUS_06_img_slice_6,microUS_06_gt_slice_6,microUS_06_st_slice_6,,
microUS_06_img_slice_7,microUS_06_gt_slice_7,microUS_06_st_slice_7,,
microUS_06_img_slice_8,microUS_06_gt_slice_8,microUS_06_st_slice_8,,
microUS_06_img_slice_9,microUS_06_gt_slice_9,microUS_06_st_slice_9,,
microUS_07_img_slice_0,microUS_07_gt_slice_0,microUS_07_st_slice_0,,
microUS_07_img_slice_1,microUS_07_gt_slice_1,microUS_07_st_slice_1,,
microUS_07_img_slice_10,microUS_07_gt_slice_10,microUS_07_st_slice_10,,
microUS_07_img_slice_11,microUS_07_gt_slice_11,microUS_07_st_slice_11,,
microUS_07_img_slice_12,microUS_07_gt_slice_12,microUS_07_st_slice_12,,
microUS_07_img_slice_13,microUS_07_gt_slice_13,microUS_07_st_slice_13,,
microUS_07_img_slice_14,microUS_07_gt_slice_14,microUS_07_st_slice_14,,
microUS_07_img_slice_15,microUS_07_gt_slice_15,microUS_07_st_slice_15,,
microUS_07_img_slice_16,microUS_07_gt_slice_16,microUS_07_st_slice_16,,
microUS_07_img_slice_17,microUS_07_gt_slice_17,microUS_07_st_slice_17,,
microUS_07_img_slice_18,microUS_07_gt_slice_18,microUS_07_st_slice_18,,
microUS_07_img_slice_19,microUS_07_gt_slice_19,microUS_07_st_slice_19,,
microUS_07_img_slice_2,microUS_07_gt_slice_2,microUS_07_st_slice_2,,
microUS_07_img_slice_20,microUS_07_gt_slice_20,microUS_07_st_slice_20,,
microUS_07_img_slice_21,microUS_07_gt_slice_21,microUS_07_st_slice_21,,
microUS_07_img_slice_22,microUS_07_gt_slice_22,microUS_07_st_slice_22,,
microUS_07_img_slice_23,microUS_07_gt_slice_23,microUS_07_st_slice_23,,
microUS_07_img_slice_24,microUS_07_gt_slice_24,microUS_07_st_slice_24,,
microUS_07_img_slice_25,microUS_07_gt_slice_25,microUS_07_st_slice_25,,
microUS_07_img_slice_26,microUS_07_gt_slice_26,microUS_07_st_slice_26,,
microUS_07_img_slice_27,microUS_07_gt_slice_27,microUS_07_st_slice_27,,
microUS_07_img_slice_28,microUS_07_gt_slice_28,microUS_07_st_slice_28,,
microUS_07_img_slice_29,microUS_07_gt_slice_29,microUS_07_st_slice_29,,
microUS_07_img_slice_3,microUS_07_gt_slice_3,microUS_07_st_slice_3,,
microUS_07_img_slice_30,microUS_07_gt_slice_30,microUS_07_st_slice_30,,
microUS_07_img_slice_31,microUS_07_gt_slice_31,microUS_07_st_slice_31,,
microUS_07_img_slice_32,microUS_07_gt_slice_32,microUS_07_st_slice_32,,
microUS_07_img_slice_33,microUS_07_gt_slice_33,microUS_07_st_slice_33,,
microUS_07_img_slice_34,microUS_07_gt_slice_34,microUS_07_st_slice_34,,
microUS_07_img_slice_4,microUS_07_gt_slice_4,microUS_07_st_slice_4,,
microUS_07_img_slice_5,microUS_07_gt_slice_5,microUS_07_st_slice_5,,
microUS_07_img_slice_6,microUS_07_gt_slice_6,microUS_07_st_slice_6,,
microUS_07_img_slice_7,microUS_07_gt_slice_7,microUS_07_st_slice_7,,
microUS_07_img_slice_8,microUS_07_gt_slice_8,microUS_07_st_slice_8,,
microUS_07_img_slice_9,microUS_07_gt_slice_9,microUS_07_st_slice_9,,
microUS_08_img_slice_0,microUS_08_gt_slice_0,microUS_08_st_slice_0,,
microUS_08_img_slice_1,microUS_08_gt_slice_1,microUS_08_st_slice_1,,
microUS_08_img_slice_10,microUS_08_gt_slice_10,microUS_08_st_slice_10,,
microUS_08_img_slice_11,microUS_08_gt_slice_11,microUS_08_st_slice_11,,
microUS_08_img_slice_12,microUS_08_gt_slice_12,microUS_08_st_slice_12,,
microUS_08_img_slice_13,microUS_08_gt_slice_13,microUS_08_st_slice_13,,
microUS_08_img_slice_14,microUS_08_gt_slice_14,microUS_08_st_slice_14,,
microUS_08_img_slice_15,microUS_08_gt_slice_15,microUS_08_st_slice_15,,
microUS_08_img_slice_16,microUS_08_gt_slice_16,microUS_08_st_slice_16,,
microUS_08_img_slice_17,microUS_08_gt_slice_17,microUS_08_st_slice_17,,
microUS_08_img_slice_18,microUS_08_gt_slice_18,microUS_08_st_slice_18,,
microUS_08_img_slice_19,microUS_08_gt_slice_19,microUS_08_st_slice_19,,
microUS_08_img_slice_2,microUS_08_gt_slice_2,microUS_08_st_slice_2,,
microUS_08_img_slice_20,microUS_08_gt_slice_20,microUS_08_st_slice_20,,
microUS_08_img_slice_21,microUS_08_gt_slice_21,microUS_08_st_slice_21,,
microUS_08_img_slice_22,microUS_08_gt_slice_22,microUS_08_st_slice_22,,
microUS_08_img_slice_23,microUS_08_gt_slice_23,microUS_08_st_slice_23,,
microUS_08_img_slice_24,microUS_08_gt_slice_24,microUS_08_st_slice_24,,
microUS_08_img_slice_25,microUS_08_gt_slice_25,microUS_08_st_slice_25,,
microUS_08_img_slice_26,microUS_08_gt_slice_26,microUS_08_st_slice_26,,
microUS_08_img_slice_27,microUS_08_gt_slice_27,microUS_08_st_slice_27,,
microUS_08_img_slice_28,microUS_08_gt_slice_28,microUS_08_st_slice_28,,
microUS_08_img_slice_29,microUS_08_gt_slice_29,microUS_08_st_slice_29,,
microUS_08_img_slice_3,microUS_08_gt_slice_3,microUS_08_st_slice_3,,
microUS_08_img_slice_30,microUS_08_gt_slice_30,microUS_08_st_slice_30,,
microUS_08_img_slice_31,microUS_08_gt_slice_31,microUS_08_st_slice_31,,
microUS_08_img_slice_32,microUS_08_gt_slice_32,microUS_08_st_slice_32,,
microUS_08_img_slice_33,microUS_08_gt_slice_33,microUS_08_st_slice_33,,
microUS_08_img_slice_34,microUS_08_gt_slice_34,microUS_08_st_slice_34,,
microUS_08_img_slice_35,microUS_08_gt_slice_35,microUS_08_st_slice_35,,
microUS_08_img_slice_4,microUS_08_gt_slice_4,microUS_08_st_slice_4,,
microUS_08_img_slice_5,microUS_08_gt_slice_5,microUS_08_st_slice_5,,
microUS_08_img_slice_6,microUS_08_gt_slice_6,microUS_08_st_slice_6,,
microUS_08_img_slice_7,microUS_08_gt_slice_7,microUS_08_st_slice_7,,
microUS_08_img_slice_8,microUS_08_gt_slice_8,microUS_08_st_slice_8,,
microUS_08_img_slice_9,microUS_08_gt_slice_9,microUS_08_st_slice_9,,
microUS_09_img_slice_0,microUS_09_gt_slice_0,microUS_09_st_slice_0,,
microUS_09_img_slice_1,microUS_09_gt_slice_1,microUS_09_st_slice_1,,
microUS_09_img_slice_10,microUS_09_gt_slice_10,microUS_09_st_slice_10,,
microUS_09_img_slice_11,microUS_09_gt_slice_11,microUS_09_st_slice_11,,
microUS_09_img_slice_12,microUS_09_gt_slice_12,microUS_09_st_slice_12,,
microUS_09_img_slice_13,microUS_09_gt_slice_13,microUS_09_st_slice_13,,
microUS_09_img_slice_14,microUS_09_gt_slice_14,microUS_09_st_slice_14,,
microUS_09_img_slice_15,microUS_09_gt_slice_15,microUS_09_st_slice_15,,
microUS_09_img_slice_16,microUS_09_gt_slice_16,microUS_09_st_slice_16,,
microUS_09_img_slice_17,microUS_09_gt_slice_17,microUS_09_st_slice_17,,
microUS_09_img_slice_18,microUS_09_gt_slice_18,microUS_09_st_slice_18,,
microUS_09_img_slice_19,microUS_09_gt_slice_19,microUS_09_st_slice_19,,
microUS_09_img_slice_2,microUS_09_gt_slice_2,microUS_09_st_slice_2,,
microUS_09_img_slice_20,microUS_09_gt_slice_20,microUS_09_st_slice_20,,
microUS_09_img_slice_21,microUS_09_gt_slice_21,microUS_09_st_slice_21,,
microUS_09_img_slice_22,microUS_09_gt_slice_22,microUS_09_st_slice_22,,
microUS_09_img_slice_23,microUS_09_gt_slice_23,microUS_09_st_slice_23,,
microUS_09_img_slice_24,microUS_09_gt_slice_24,microUS_09_st_slice_24,,
microUS_09_img_slice_25,microUS_09_gt_slice_25,microUS_09_st_slice_25,,
microUS_09_img_slice_26,microUS_09_gt_slice_26,microUS_09_st_slice_26,,
microUS_09_img_slice_27,microUS_09_gt_slice_27,microUS_09_st_slice_27,,
microUS_09_img_slice_28,microUS_09_gt_slice_28,microUS_09_st_slice_28,,
microUS_09_img_slice_3,microUS_09_gt_slice_3,microUS_09_st_slice_3,,
microUS_09_img_slice_4,microUS_09_gt_slice_4,microUS_09_st_slice_4,,
microUS_09_img_slice_5,microUS_09_gt_slice_5,microUS_09_st_slice_5,,
microUS_09_img_slice_6,microUS_09_gt_slice_6,microUS_09_st_slice_6,,
microUS_09_img_slice_7,microUS_09_gt_slice_7,microUS_09_st_slice_7,,
microUS_09_img_slice_8,microUS_09_gt_slice_8,microUS_09_st_slice_8,,
microUS_09_img_slice_9,microUS_09_gt_slice_9,microUS_09_st_slice_9,,
microUS_10_img_slice_0,microUS_10_gt_slice_0,microUS_10_st_slice_0,,
microUS_10_img_slice_1,microUS_10_gt_slice_1,microUS_10_st_slice_1,,
microUS_10_img_slice_10,microUS_10_gt_slice_10,microUS_10_st_slice_10,,
microUS_10_img_slice_11,microUS_10_gt_slice_11,microUS_10_st_slice_11,,
microUS_10_img_slice_12,microUS_10_gt_slice_12,microUS_10_st_slice_12,,
microUS_10_img_slice_13,microUS_10_gt_slice_13,microUS_10_st_slice_13,,
microUS_10_img_slice_14,microUS_10_gt_slice_14,microUS_10_st_slice_14,,
microUS_10_img_slice_15,microUS_10_gt_slice_15,microUS_10_st_slice_15,,
microUS_10_img_slice_16,microUS_10_gt_slice_16,microUS_10_st_slice_16,,
microUS_10_img_slice_17,microUS_10_gt_slice_17,microUS_10_st_slice_17,,
microUS_10_img_slice_18,microUS_10_gt_slice_18,microUS_10_st_slice_18,,
microUS_10_img_slice_19,microUS_10_gt_slice_19,microUS_10_st_slice_19,,
microUS_10_img_slice_2,microUS_10_gt_slice_2,microUS_10_st_slice_2,,
microUS_10_img_slice_20,microUS_10_gt_slice_20,microUS_10_st_slice_20,,
microUS_10_img_slice_21,microUS_10_gt_slice_21,microUS_10_st_slice_21,,
microUS_10_img_slice_22,microUS_10_gt_slice_22,microUS_10_st_slice_22,,
microUS_10_img_slice_23,microUS_10_gt_slice_23,microUS_10_st_slice_23,,
microUS_10_img_slice_24,microUS_10_gt_slice_24,microUS_10_st_slice_24,,
microUS_10_img_slice_25,microUS_10_gt_slice_25,microUS_10_st_slice_25,,
microUS_10_img_slice_26,microUS_10_gt_slice_26,microUS_10_st_slice_26,,
microUS_10_img_slice_27,microUS_10_gt_slice_27,microUS_10_st_slice_27,,
microUS_10_img_slice_28,microUS_10_gt_slice_28,microUS_10_st_slice_28,,
microUS_10_img_slice_29,microUS_10_gt_slice_29,microUS_10_st_slice_29,,
microUS_10_img_slice_3,microUS_10_gt_slice_3,microUS_10_st_slice_3,,
microUS_10_img_slice_30,microUS_10_gt_slice_30,microUS_10_st_slice_30,,
microUS_10_img_slice_31,microUS_10_gt_slice_31,microUS_10_st_slice_31,,
microUS_10_img_slice_32,microUS_10_gt_slice_32,microUS_10_st_slice_32,,
microUS_10_img_slice_33,microUS_10_gt_slice_33,microUS_10_st_slice_33,,
microUS_10_img_slice_34,microUS_10_gt_slice_34,microUS_10_st_slice_34,,
microUS_10_img_slice_35,microUS_10_gt_slice_35,microUS_10_st_slice_35,,
microUS_10_img_slice_36,microUS_10_gt_slice_36,microUS_10_st_slice_36,,
microUS_10_img_slice_37,microUS_10_gt_slice_37,microUS_10_st_slice_37,,
microUS_10_img_slice_4,microUS_10_gt_slice_4,microUS_10_st_slice_4,,
microUS_10_img_slice_5,microUS_10_gt_slice_5,microUS_10_st_slice_5,,
microUS_10_img_slice_6,microUS_10_gt_slice_6,microUS_10_st_slice_6,,
microUS_10_img_slice_7,microUS_10_gt_slice_7,microUS_10_st_slice_7,,
microUS_10_img_slice_8,microUS_10_gt_slice_8,microUS_10_st_slice_8,,
microUS_10_img_slice_9,microUS_10_gt_slice_9,microUS_10_st_slice_9,,
microUS_11_img_slice_0,microUS_11_gt_slice_0,microUS_11_st_slice_0,,
microUS_11_img_slice_1,microUS_11_gt_slice_1,microUS_11_st_slice_1,,
microUS_11_img_slice_10,microUS_11_gt_slice_10,microUS_11_st_slice_10,,
microUS_11_img_slice_11,microUS_11_gt_slice_11,microUS_11_st_slice_11,,
microUS_11_img_slice_12,microUS_11_gt_slice_12,microUS_11_st_slice_12,,
microUS_11_img_slice_13,microUS_11_gt_slice_13,microUS_11_st_slice_13,,
microUS_11_img_slice_14,microUS_11_gt_slice_14,microUS_11_st_slice_14,,
microUS_11_img_slice_15,microUS_11_gt_slice_15,microUS_11_st_slice_15,,
microUS_11_img_slice_16,microUS_11_gt_slice_16,microUS_11_st_slice_16,,
microUS_11_img_slice_17,microUS_11_gt_slice_17,microUS_11_st_slice_17,,
microUS_11_img_slice_18,microUS_11_gt_slice_18,microUS_11_st_slice_18,,
microUS_11_img_slice_19,microUS_11_gt_slice_19,microUS_11_st_slice_19,,
microUS_11_img_slice_2,microUS_11_gt_slice_2,microUS_11_st_slice_2,,
microUS_11_img_slice_20,microUS_11_gt_slice_20,microUS_11_st_slice_20,,
microUS_11_img_slice_21,microUS_11_gt_slice_21,microUS_11_st_slice_21,,
microUS_11_img_slice_22,microUS_11_gt_slice_22,microUS_11_st_slice_22,,
microUS_11_img_slice_23,microUS_11_gt_slice_23,microUS_11_st_slice_23,,
microUS_11_img_slice_24,microUS_11_gt_slice_24,microUS_11_st_slice_24,,
microUS_11_img_slice_25,microUS_11_gt_slice_25,microUS_11_st_slice_25,,
microUS_11_img_slice_26,microUS_11_gt_slice_26,microUS_11_st_slice_26,,
microUS_11_img_slice_27,microUS_11_gt_slice_27,microUS_11_st_slice_27,,
microUS_11_img_slice_28,microUS_11_gt_slice_28,microUS_11_st_slice_28,,
microUS_11_img_slice_29,microUS_11_gt_slice_29,microUS_11_st_slice_29,,
microUS_11_img_slice_3,microUS_11_gt_slice_3,microUS_11_st_slice_3,,
microUS_11_img_slice_30,microUS_11_gt_slice_30,microUS_11_st_slice_30,,
microUS_11_img_slice_31,microUS_11_gt_slice_31,microUS_11_st_slice_31,,
microUS_11_img_slice_32,microUS_11_gt_slice_32,microUS_11_st_slice_32,,
microUS_11_img_slice_33,microUS_11_gt_slice_33,microUS_11_st_slice_33,,
microUS_11_img_slice_34,microUS_11_gt_slice_34,microUS_11_st_slice_34,,
microUS_11_img_slice_35,microUS_11_gt_slice_35,microUS_11_st_slice_35,,
microUS_11_img_slice_36,microUS_11_gt_slice_36,microUS_11_st_slice_36,,
microUS_11_img_slice_37,microUS_11_gt_slice_37,microUS_11_st_slice_37,,
microUS_11_img_slice_38,microUS_11_gt_slice_38,microUS_11_st_slice_38,,
microUS_11_img_slice_39,microUS_11_gt_slice_39,microUS_11_st_slice_39,,
microUS_11_img_slice_4,microUS_11_gt_slice_4,microUS_11_st_slice_4,,
microUS_11_img_slice_40,microUS_11_gt_slice_40,microUS_11_st_slice_40,,
microUS_11_img_slice_5,microUS_11_gt_slice_5,microUS_11_st_slice_5,,
microUS_11_img_slice_6,microUS_11_gt_slice_6,microUS_11_st_slice_6,,
microUS_11_img_slice_7,microUS_11_gt_slice_7,microUS_11_st_slice_7,,
microUS_11_img_slice_8,microUS_11_gt_slice_8,microUS_11_st_slice_8,,
microUS_11_img_slice_9,microUS_11_gt_slice_9,microUS_11_st_slice_9,,
microUS_12_img_slice_0,microUS_12_gt_slice_0,microUS_12_st_slice_0,,
microUS_12_img_slice_1,microUS_12_gt_slice_1,microUS_12_st_slice_1,,
microUS_12_img_slice_10,microUS_12_gt_slice_10,microUS_12_st_slice_10,,
microUS_12_img_slice_11,microUS_12_gt_slice_11,microUS_12_st_slice_11,,
microUS_12_img_slice_12,microUS_12_gt_slice_12,microUS_12_st_slice_12,,
microUS_12_img_slice_13,microUS_12_gt_slice_13,microUS_12_st_slice_13,,
microUS_12_img_slice_14,microUS_12_gt_slice_14,microUS_12_st_slice_14,,
microUS_12_img_slice_15,microUS_12_gt_slice_15,microUS_12_st_slice_15,,
microUS_12_img_slice_16,microUS_12_gt_slice_16,microUS_12_st_slice_16,,
microUS_12_img_slice_17,microUS_12_gt_slice_17,microUS_12_st_slice_17,,
microUS_12_img_slice_18,microUS_12_gt_slice_18,microUS_12_st_slice_18,,
microUS_12_img_slice_19,microUS_12_gt_slice_19,microUS_12_st_slice_19,,
microUS_12_img_slice_2,microUS_12_gt_slice_2,microUS_12_st_slice_2,,
microUS_12_img_slice_20,microUS_12_gt_slice_20,microUS_12_st_slice_20,,
microUS_12_img_slice_21,microUS_12_gt_slice_21,microUS_12_st_slice_21,,
microUS_12_img_slice_22,microUS_12_gt_slice_22,microUS_12_st_slice_22,,
microUS_12_img_slice_23,microUS_12_gt_slice_23,microUS_12_st_slice_23,,
microUS_12_img_slice_24,microUS_12_gt_slice_24,microUS_12_st_slice_24,,
microUS_12_img_slice_25,microUS_12_gt_slice_25,microUS_12_st_slice_25,,
microUS_12_img_slice_26,microUS_12_gt_slice_26,microUS_12_st_slice_26,,
microUS_12_img_slice_27,microUS_12_gt_slice_27,microUS_12_st_slice_27,,
microUS_12_img_slice_28,microUS_12_gt_slice_28,microUS_12_st_slice_28,,
microUS_12_img_slice_29,microUS_12_gt_slice_29,microUS_12_st_slice_29,,
microUS_12_img_slice_3,microUS_12_gt_slice_3,microUS_12_st_slice_3,,
microUS_12_img_slice_30,microUS_12_gt_slice_30,microUS_12_st_slice_30,,
microUS_12_img_slice_31,microUS_12_gt_slice_31,microUS_12_st_slice_31,,
microUS_12_img_slice_32,microUS_12_gt_slice_32,microUS_12_st_slice_32,,
microUS_12_img_slice_33,microUS_12_gt_slice_33,microUS_12_st_slice_33,,
microUS_12_img_slice_4,microUS_12_gt_slice_4,microUS_12_st_slice_4,,
microUS_12_img_slice_5,microUS_12_gt_slice_5,microUS_12_st_slice_5,,
microUS_12_img_slice_6,microUS_12_gt_slice_6,microUS_12_st_slice_6,,
microUS_12_img_slice_7,microUS_12_gt_slice_7,microUS_12_st_slice_7,,
microUS_12_img_slice_8,microUS_12_gt_slice_8,microUS_12_st_slice_8,,
microUS_12_img_slice_9,microUS_12_gt_slice_9,microUS_12_st_slice_9,,
microUS_13_img_slice_0,microUS_13_gt_slice_0,microUS_13_st_slice_0,,
microUS_13_img_slice_1,microUS_13_gt_slice_1,microUS_13_st_slice_1,,
microUS_13_img_slice_10,microUS_13_gt_slice_10,microUS_13_st_slice_10,,
microUS_13_img_slice_11,microUS_13_gt_slice_11,microUS_13_st_slice_11,,
microUS_13_img_slice_12,microUS_13_gt_slice_12,microUS_13_st_slice_12,,
microUS_13_img_slice_13,microUS_13_gt_slice_13,microUS_13_st_slice_13,,
microUS_13_img_slice_14,microUS_13_gt_slice_14,microUS_13_st_slice_14,,
microUS_13_img_slice_15,microUS_13_gt_slice_15,microUS_13_st_slice_15,,
microUS_13_img_slice_16,microUS_13_gt_slice_16,microUS_13_st_slice_16,,
microUS_13_img_slice_17,microUS_13_gt_slice_17,microUS_13_st_slice_17,,
microUS_13_img_slice_18,microUS_13_gt_slice_18,microUS_13_st_slice_18,,
microUS_13_img_slice_19,microUS_13_gt_slice_19,microUS_13_st_slice_19,,
microUS_13_img_slice_2,microUS_13_gt_slice_2,microUS_13_st_slice_2,,
microUS_13_img_slice_20,microUS_13_gt_slice_20,microUS_13_st_slice_20,,
microUS_13_img_slice_21,microUS_13_gt_slice_21,microUS_13_st_slice_21,,
microUS_13_img_slice_22,microUS_13_gt_slice_22,microUS_13_st_slice_22,,
microUS_13_img_slice_23,microUS_13_gt_slice_23,microUS_13_st_slice_23,,
microUS_13_img_slice_24,microUS_13_gt_slice_24,microUS_13_st_slice_24,,
microUS_13_img_slice_25,microUS_13_gt_slice_25,microUS_13_st_slice_25,,
microUS_13_img_slice_26,microUS_13_gt_slice_26,microUS_13_st_slice_26,,
microUS_13_img_slice_27,microUS_13_gt_slice_27,microUS_13_st_slice_27,,
microUS_13_img_slice_28,microUS_13_gt_slice_28,microUS_13_st_slice_28,,
microUS_13_img_slice_29,microUS_13_gt_slice_29,microUS_13_st_slice_29,,
microUS_13_img_slice_3,microUS_13_gt_slice_3,microUS_13_st_slice_3,,
microUS_13_img_slice_30,microUS_13_gt_slice_30,microUS_13_st_slice_30,,
microUS_13_img_slice_31,microUS_13_gt_slice_31,microUS_13_st_slice_31,,
microUS_13_img_slice_32,microUS_13_gt_slice_32,microUS_13_st_slice_32,,
microUS_13_img_slice_33,microUS_13_gt_slice_33,microUS_13_st_slice_33,,
microUS_13_img_slice_34,microUS_13_gt_slice_34,microUS_13_st_slice_34,,
microUS_13_img_slice_35,microUS_13_gt_slice_35,microUS_13_st_slice_35,,
microUS_13_img_slice_36,microUS_13_gt_slice_36,microUS_13_st_slice_36,,
microUS_13_img_slice_37,microUS_13_gt_slice_37,microUS_13_st_slice_37,,
microUS_13_img_slice_38,microUS_13_gt_slice_38,microUS_13_st_slice_38,,
microUS_13_img_slice_39,microUS_13_gt_slice_39,microUS_13_st_slice_39,,
microUS_13_img_slice_4,microUS_13_gt_slice_4,microUS_13_st_slice_4,,
microUS_13_img_slice_40,microUS_13_gt_slice_40,microUS_13_st_slice_40,,
microUS_13_img_slice_41,microUS_13_gt_slice_41,microUS_13_st_slice_41,,
microUS_13_img_slice_5,microUS_13_gt_slice_5,microUS_13_st_slice_5,,
microUS_13_img_slice_6,microUS_13_gt_slice_6,microUS_13_st_slice_6,,
microUS_13_img_slice_7,microUS_13_gt_slice_7,microUS_13_st_slice_7,,
microUS_13_img_slice_8,microUS_13_gt_slice_8,microUS_13_st_slice_8,,
microUS_13_img_slice_9,microUS_13_gt_slice_9,microUS_13_st_slice_9,,
microUS_14_img_slice_0,microUS_14_gt_slice_0,microUS_14_st_slice_0,,
microUS_14_img_slice_1,microUS_14_gt_slice_1,microUS_14_st_slice_1,,
microUS_14_img_slice_10,microUS_14_gt_slice_10,microUS_14_st_slice_10,,
microUS_14_img_slice_11,microUS_14_gt_slice_11,microUS_14_st_slice_11,,
microUS_14_img_slice_12,microUS_14_gt_slice_12,microUS_14_st_slice_12,,
microUS_14_img_slice_13,microUS_14_gt_slice_13,microUS_14_st_slice_13,,
microUS_14_img_slice_14,microUS_14_gt_slice_14,microUS_14_st_slice_14,,
microUS_14_img_slice_15,microUS_14_gt_slice_15,microUS_14_st_slice_15,,
microUS_14_img_slice_16,microUS_14_gt_slice_16,microUS_14_st_slice_16,,
microUS_14_img_slice_17,microUS_14_gt_slice_17,microUS_14_st_slice_17,,
microUS_14_img_slice_18,microUS_14_gt_slice_18,microUS_14_st_slice_18,,
microUS_14_img_slice_19,microUS_14_gt_slice_19,microUS_14_st_slice_19,,
microUS_14_img_slice_2,microUS_14_gt_slice_2,microUS_14_st_slice_2,,
microUS_14_img_slice_20,microUS_14_gt_slice_20,microUS_14_st_slice_20,,
microUS_14_img_slice_21,microUS_14_gt_slice_21,microUS_14_st_slice_21,,
microUS_14_img_slice_22,microUS_14_gt_slice_22,microUS_14_st_slice_22,,
microUS_14_img_slice_23,microUS_14_gt_slice_23,microUS_14_st_slice_23,,
microUS_14_img_slice_24,microUS_14_gt_slice_24,microUS_14_st_slice_24,,
microUS_14_img_slice_25,microUS_14_gt_slice_25,microUS_14_st_slice_25,,
microUS_14_img_slice_26,microUS_14_gt_slice_26,microUS_14_st_slice_26,,
microUS_14_img_slice_27,microUS_14_gt_slice_27,microUS_14_st_slice_27,,
microUS_14_img_slice_28,microUS_14_gt_slice_28,microUS_14_st_slice_28,,
microUS_14_img_slice_29,microUS_14_gt_slice_29,microUS_14_st_slice_29,,
microUS_14_img_slice_3,microUS_14_gt_slice_3,microUS_14_st_slice_3,,
microUS_14_img_slice_30,microUS_14_gt_slice_30,microUS_14_st_slice_30,,
microUS_14_img_slice_31,microUS_14_gt_slice_31,microUS_14_st_slice_31,,
microUS_14_img_slice_32,microUS_14_gt_slice_32,microUS_14_st_slice_32,,
microUS_14_img_slice_33,microUS_14_gt_slice_33,microUS_14_st_slice_33,,
microUS_14_img_slice_34,microUS_14_gt_slice_34,microUS_14_st_slice_34,,
microUS_14_img_slice_35,microUS_14_gt_slice_35,microUS_14_st_slice_35,,
microUS_14_img_slice_36,microUS_14_gt_slice_36,microUS_14_st_slice_36,,
microUS_14_img_slice_37,microUS_14_gt_slice_37,microUS_14_st_slice_37,,
microUS_14_img_slice_38,microUS_14_gt_slice_38,microUS_14_st_slice_38,,
microUS_14_img_slice_39,microUS_14_gt_slice_39,microUS_14_st_slice_39,,
microUS_14_img_slice_4,microUS_14_gt_slice_4,microUS_14_st_slice_4,,
microUS_14_img_slice_40,microUS_14_gt_slice_40,microUS_14_st_slice_40,,
microUS_14_img_slice_41,microUS_14_gt_slice_41,microUS_14_st_slice_41,,
microUS_14_img_slice_42,microUS_14_gt_slice_42,microUS_14_st_slice_42,,
microUS_14_img_slice_43,microUS_14_gt_slice_43,microUS_14_st_slice_43,,
microUS_14_img_slice_44,microUS_14_gt_slice_44,microUS_14_st_slice_44,,
microUS_14_img_slice_5,microUS_14_gt_slice_5,microUS_14_st_slice_5,,
microUS_14_img_slice_6,microUS_14_gt_slice_6,microUS_14_st_slice_6,,
microUS_14_img_slice_7,microUS_14_gt_slice_7,microUS_14_st_slice_7,,
microUS_14_img_slice_8,microUS_14_gt_slice_8,microUS_14_st_slice_8,,
microUS_14_img_slice_9,microUS_14_gt_slice_9,microUS_14_st_slice_9,,
microUS_15_img_slice_0,microUS_15_gt_slice_0,microUS_15_st_slice_0,,
microUS_15_img_slice_1,microUS_15_gt_slice_1,microUS_15_st_slice_1,,
microUS_15_img_slice_10,microUS_15_gt_slice_10,microUS_15_st_slice_10,,
microUS_15_img_slice_11,microUS_15_gt_slice_11,microUS_15_st_slice_11,,
microUS_15_img_slice_12,microUS_15_gt_slice_12,microUS_15_st_slice_12,,
microUS_15_img_slice_13,microUS_15_gt_slice_13,microUS_15_st_slice_13,,
microUS_15_img_slice_14,microUS_15_gt_slice_14,microUS_15_st_slice_14,,
microUS_15_img_slice_15,microUS_15_gt_slice_15,microUS_15_st_slice_15,,
microUS_15_img_slice_16,microUS_15_gt_slice_16,microUS_15_st_slice_16,,
microUS_15_img_slice_17,microUS_15_gt_slice_17,microUS_15_st_slice_17,,
microUS_15_img_slice_18,microUS_15_gt_slice_18,microUS_15_st_slice_18,,
microUS_15_img_slice_19,microUS_15_gt_slice_19,microUS_15_st_slice_19,,
microUS_15_img_slice_2,microUS_15_gt_slice_2,microUS_15_st_slice_2,,
microUS_15_img_slice_20,microUS_15_gt_slice_20,microUS_15_st_slice_20,,
microUS_15_img_slice_21,microUS_15_gt_slice_21,microUS_15_st_slice_21,,
microUS_15_img_slice_22,microUS_15_gt_slice_22,microUS_15_st_slice_22,,
microUS_15_img_slice_23,microUS_15_gt_slice_23,microUS_15_st_slice_23,,
microUS_15_img_slice_24,microUS_15_gt_slice_24,microUS_15_st_slice_24,,
microUS_15_img_slice_25,microUS_15_gt_slice_25,microUS_15_st_slice_25,,
microUS_15_img_slice_26,microUS_15_gt_slice_26,microUS_15_st_slice_26,,
microUS_15_img_slice_27,microUS_15_gt_slice_27,microUS_15_st_slice_27,,
microUS_15_img_slice_28,microUS_15_gt_slice_28,microUS_15_st_slice_28,,
microUS_15_img_slice_29,microUS_15_gt_slice_29,microUS_15_st_slice_29,,
microUS_15_img_slice_3,microUS_15_gt_slice_3,microUS_15_st_slice_3,,
microUS_15_img_slice_30,microUS_15_gt_slice_30,microUS_15_st_slice_30,,
microUS_15_img_slice_31,microUS_15_gt_slice_31,microUS_15_st_slice_31,,
microUS_15_img_slice_32,microUS_15_gt_slice_32,microUS_15_st_slice_32,,
microUS_15_img_slice_33,microUS_15_gt_slice_33,microUS_15_st_slice_33,,
microUS_15_img_slice_4,microUS_15_gt_slice_4,microUS_15_st_slice_4,,
microUS_15_img_slice_5,microUS_15_gt_slice_5,microUS_15_st_slice_5,,
microUS_15_img_slice_6,microUS_15_gt_slice_6,microUS_15_st_slice_6,,
microUS_15_img_slice_7,microUS_15_gt_slice_7,microUS_15_st_slice_7,,
microUS_15_img_slice_8,microUS_15_gt_slice_8,microUS_15_st_slice_8,,
microUS_15_img_slice_9,microUS_15_gt_slice_9,microUS_15_st_slice_9,,
microUS_16_img_slice_0,microUS_16_gt_slice_0,microUS_16_st_slice_0,,
microUS_16_img_slice_1,microUS_16_gt_slice_1,microUS_16_st_slice_1,,
microUS_16_img_slice_10,microUS_16_gt_slice_10,microUS_16_st_slice_10,,
microUS_16_img_slice_11,microUS_16_gt_slice_11,microUS_16_st_slice_11,,
microUS_16_img_slice_12,microUS_16_gt_slice_12,microUS_16_st_slice_12,,
microUS_16_img_slice_13,microUS_16_gt_slice_13,microUS_16_st_slice_13,,
microUS_16_img_slice_14,microUS_16_gt_slice_14,microUS_16_st_slice_14,,
microUS_16_img_slice_15,microUS_16_gt_slice_15,microUS_16_st_slice_15,,
microUS_16_img_slice_16,microUS_16_gt_slice_16,microUS_16_st_slice_16,,
microUS_16_img_slice_17,microUS_16_gt_slice_17,microUS_16_st_slice_17,,
microUS_16_img_slice_18,microUS_16_gt_slice_18,microUS_16_st_slice_18,,
microUS_16_img_slice_19,microUS_16_gt_slice_19,microUS_16_st_slice_19,,
microUS_16_img_slice_2,microUS_16_gt_slice_2,microUS_16_st_slice_2,,
microUS_16_img_slice_20,microUS_16_gt_slice_20,microUS_16_st_slice_20,,
microUS_16_img_slice_21,microUS_16_gt_slice_21,microUS_16_st_slice_21,,
microUS_16_img_slice_22,microUS_16_gt_slice_22,microUS_16_st_slice_22,,
microUS_16_img_slice_23,microUS_16_gt_slice_23,microUS_16_st_slice_23,,
microUS_16_img_slice_24,microUS_16_gt_slice_24,microUS_16_st_slice_24,,
microUS_16_img_slice_25,microUS_16_gt_slice_25,microUS_16_st_slice_25,,
microUS_16_img_slice_26,microUS_16_gt_slice_26,microUS_16_st_slice_26,,
microUS_16_img_slice_27,microUS_16_gt_slice_27,microUS_16_st_slice_27,,
microUS_16_img_slice_28,microUS_16_gt_slice_28,microUS_16_st_slice_28,,
microUS_16_img_slice_29,microUS_16_gt_slice_29,microUS_16_st_slice_29,,
microUS_16_img_slice_3,microUS_16_gt_slice_3,microUS_16_st_slice_3,,
microUS_16_img_slice_30,microUS_16_gt_slice_30,microUS_16_st_slice_30,,
microUS_16_img_slice_31,microUS_16_gt_slice_31,microUS_16_st_slice_31,,
microUS_16_img_slice_32,microUS_16_gt_slice_32,microUS_16_st_slice_32,,
microUS_16_img_slice_33,microUS_16_gt_slice_33,microUS_16_st_slice_33,,
microUS_16_img_slice_34,microUS_16_gt_slice_34,microUS_16_st_slice_34,,
microUS_16_img_slice_35,microUS_16_gt_slice_35,microUS_16_st_slice_35,,
microUS_16_img_slice_36,microUS_16_gt_slice_36,microUS_16_st_slice_36,,
microUS_16_img_slice_37,microUS_16_gt_slice_37,microUS_16_st_slice_37,,
microUS_16_img_slice_4,microUS_16_gt_slice_4,microUS_16_st_slice_4,,
microUS_16_img_slice_5,microUS_16_gt_slice_5,microUS_16_st_slice_5,,
microUS_16_img_slice_6,microUS_16_gt_slice_6,microUS_16_st_slice_6,,
microUS_16_img_slice_7,microUS_16_gt_slice_7,microUS_16_st_slice_7,,
microUS_16_img_slice_8,microUS_16_gt_slice_8,microUS_16_st_slice_8,,
microUS_16_img_slice_9,microUS_16_gt_slice_9,microUS_16_st_slice_9,,
microUS_17_img_slice_0,microUS_17_gt_slice_0,microUS_17_st_slice_0,,
microUS_17_img_slice_1,microUS_17_gt_slice_1,microUS_17_st_slice_1,,
microUS_17_img_slice_10,microUS_17_gt_slice_10,microUS_17_st_slice_10,,
microUS_17_img_slice_11,microUS_17_gt_slice_11,microUS_17_st_slice_11,,
microUS_17_img_slice_12,microUS_17_gt_slice_12,microUS_17_st_slice_12,,
microUS_17_img_slice_13,microUS_17_gt_slice_13,microUS_17_st_slice_13,,
microUS_17_img_slice_14,microUS_17_gt_slice_14,microUS_17_st_slice_14,,
microUS_17_img_slice_15,microUS_17_gt_slice_15,microUS_17_st_slice_15,,
microUS_17_img_slice_16,microUS_17_gt_slice_16,microUS_17_st_slice_16,,
microUS_17_img_slice_17,microUS_17_gt_slice_17,microUS_17_st_slice_17,,
microUS_17_img_slice_18,microUS_17_gt_slice_18,microUS_17_st_slice_18,,
microUS_17_img_slice_19,microUS_17_gt_slice_19,microUS_17_st_slice_19,,
microUS_17_img_slice_2,microUS_17_gt_slice_2,microUS_17_st_slice_2,,
microUS_17_img_slice_20,microUS_17_gt_slice_20,microUS_17_st_slice_20,,
microUS_17_img_slice_21,microUS_17_gt_slice_21,microUS_17_st_slice_21,,
microUS_17_img_slice_22,microUS_17_gt_slice_22,microUS_17_st_slice_22,,
microUS_17_img_slice_23,microUS_17_gt_slice_23,microUS_17_st_slice_23,,
microUS_17_img_slice_24,microUS_17_gt_slice_24,microUS_17_st_slice_24,,
microUS_17_img_slice_25,microUS_17_gt_slice_25,microUS_17_st_slice_25,,
microUS_17_img_slice_26,microUS_17_gt_slice_26,microUS_17_st_slice_26,,
microUS_17_img_slice_27,microUS_17_gt_slice_27,microUS_17_st_slice_27,,
microUS_17_img_slice_28,microUS_17_gt_slice_28,microUS_17_st_slice_28,,
microUS_17_img_slice_29,microUS_17_gt_slice_29,microUS_17_st_slice_29,,
microUS_17_img_slice_3,microUS_17_gt_slice_3,microUS_17_st_slice_3,,
microUS_17_img_slice_30,microUS_17_gt_slice_30,microUS_17_st_slice_30,,
microUS_17_img_slice_31,microUS_17_gt_slice_31,microUS_17_st_slice_31,,
microUS_17_img_slice_32,microUS_17_gt_slice_32,microUS_17_st_slice_32,,
microUS_17_img_slice_33,microUS_17_gt_slice_33,microUS_17_st_slice_33,,
microUS_17_img_slice_34,microUS_17_gt_slice_34,microUS_17_st_slice_34,,
microUS_17_img_slice_35,microUS_17_gt_slice_35,microUS_17_st_slice_35,,
microUS_17_img_slice_36,microUS_17_gt_slice_36,microUS_17_st_slice_36,,
microUS_17_img_slice_37,microUS_17_gt_slice_37,microUS_17_st_slice_37,,
microUS_17_img_slice_38,microUS_17_gt_slice_38,microUS_17_st_slice_38,,
microUS_17_img_slice_4,microUS_17_gt_slice_4,microUS_17_st_slice_4,,
microUS_17_img_slice_5,microUS_17_gt_slice_5,microUS_17_st_slice_5,,
microUS_17_img_slice_6,microUS_17_gt_slice_6,microUS_17_st_slice_6,,
microUS_17_img_slice_7,microUS_17_gt_slice_7,microUS_17_st_slice_7,,
microUS_17_img_slice_8,microUS_17_gt_slice_8,microUS_17_st_slice_8,,
microUS_17_img_slice_9,microUS_17_gt_slice_9,microUS_17_st_slice_9,,
microUS_18_img_slice_0,microUS_18_gt_slice_0,microUS_18_st_slice_0,,
microUS_18_img_slice_1,microUS_18_gt_slice_1,microUS_18_st_slice_1,,
microUS_18_img_slice_10,microUS_18_gt_slice_10,microUS_18_st_slice_10,,
microUS_18_img_slice_11,microUS_18_gt_slice_11,microUS_18_st_slice_11,,
microUS_18_img_slice_12,microUS_18_gt_slice_12,microUS_18_st_slice_12,,
microUS_18_img_slice_13,microUS_18_gt_slice_13,microUS_18_st_slice_13,,
microUS_18_img_slice_14,microUS_18_gt_slice_14,microUS_18_st_slice_14,,
microUS_18_img_slice_15,microUS_18_gt_slice_15,microUS_18_st_slice_15,,
microUS_18_img_slice_16,microUS_18_gt_slice_16,microUS_18_st_slice_16,,
microUS_18_img_slice_17,microUS_18_gt_slice_17,microUS_18_st_slice_17,,
microUS_18_img_slice_18,microUS_18_gt_slice_18,microUS_18_st_slice_18,,
microUS_18_img_slice_19,microUS_18_gt_slice_19,microUS_18_st_slice_19,,
microUS_18_img_slice_2,microUS_18_gt_slice_2,microUS_18_st_slice_2,,
microUS_18_img_slice_20,microUS_18_gt_slice_20,microUS_18_st_slice_20,,
microUS_18_img_slice_21,microUS_18_gt_slice_21,microUS_18_st_slice_21,,
microUS_18_img_slice_22,microUS_18_gt_slice_22,microUS_18_st_slice_22,,
microUS_18_img_slice_23,microUS_18_gt_slice_23,microUS_18_st_slice_23,,
microUS_18_img_slice_24,microUS_18_gt_slice_24,microUS_18_st_slice_24,,
microUS_18_img_slice_25,microUS_18_gt_slice_25,microUS_18_st_slice_25,,
microUS_18_img_slice_26,microUS_18_gt_slice_26,microUS_18_st_slice_26,,
microUS_18_img_slice_27,microUS_18_gt_slice_27,microUS_18_st_slice_27,,
microUS_18_img_slice_28,microUS_18_gt_slice_28,microUS_18_st_slice_28,,
microUS_18_img_slice_29,microUS_18_gt_slice_29,microUS_18_st_slice_29,,
microUS_18_img_slice_3,microUS_18_gt_slice_3,microUS_18_st_slice_3,,
microUS_18_img_slice_30,microUS_18_gt_slice_30,microUS_18_st_slice_30,,
microUS_18_img_slice_31,microUS_18_gt_slice_31,microUS_18_st_slice_31,,
microUS_18_img_slice_32,microUS_18_gt_slice_32,microUS_18_st_slice_32,,
microUS_18_img_slice_33,microUS_18_gt_slice_33,microUS_18_st_slice_33,,
microUS_18_img_slice_34,microUS_18_gt_slice_34,microUS_18_st_slice_34,,
microUS_18_img_slice_4,microUS_18_gt_slice_4,microUS_18_st_slice_4,,
microUS_18_img_slice_5,microUS_18_gt_slice_5,microUS_18_st_slice_5,,
microUS_18_img_slice_6,microUS_18_gt_slice_6,microUS_18_st_slice_6,,
microUS_18_img_slice_7,microUS_18_gt_slice_7,microUS_18_st_slice_7,,
microUS_18_img_slice_8,microUS_18_gt_slice_8,microUS_18_st_slice_8,,
microUS_18_img_slice_9,microUS_18_gt_slice_9,microUS_18_st_slice_9,,
microUS_19_img_slice_0,microUS_19_gt_slice_0,microUS_19_st_slice_0,,
microUS_19_img_slice_1,microUS_19_gt_slice_1,microUS_19_st_slice_1,,
microUS_19_img_slice_10,microUS_19_gt_slice_10,microUS_19_st_slice_10,,
microUS_19_img_slice_11,microUS_19_gt_slice_11,microUS_19_st_slice_11,,
microUS_19_img_slice_12,microUS_19_gt_slice_12,microUS_19_st_slice_12,,
microUS_19_img_slice_13,microUS_19_gt_slice_13,microUS_19_st_slice_13,,
microUS_19_img_slice_14,microUS_19_gt_slice_14,microUS_19_st_slice_14,,
microUS_19_img_slice_15,microUS_19_gt_slice_15,microUS_19_st_slice_15,,
microUS_19_img_slice_16,microUS_19_gt_slice_16,microUS_19_st_slice_16,,
microUS_19_img_slice_17,microUS_19_gt_slice_17,microUS_19_st_slice_17,,
microUS_19_img_slice_18,microUS_19_gt_slice_18,microUS_19_st_slice_18,,
microUS_19_img_slice_19,microUS_19_gt_slice_19,microUS_19_st_slice_19,,
microUS_19_img_slice_2,microUS_19_gt_slice_2,microUS_19_st_slice_2,,
microUS_19_img_slice_20,microUS_19_gt_slice_20,microUS_19_st_slice_20,,
microUS_19_img_slice_21,microUS_19_gt_slice_21,microUS_19_st_slice_21,,
microUS_19_img_slice_22,microUS_19_gt_slice_22,microUS_19_st_slice_22,,
microUS_19_img_slice_23,microUS_19_gt_slice_23,microUS_19_st_slice_23,,
microUS_19_img_slice_24,microUS_19_gt_slice_24,microUS_19_st_slice_24,,
microUS_19_img_slice_25,microUS_19_gt_slice_25,microUS_19_st_slice_25,,
microUS_19_img_slice_26,microUS_19_gt_slice_26,microUS_19_st_slice_26,,
microUS_19_img_slice_27,microUS_19_gt_slice_27,microUS_19_st_slice_27,,
microUS_19_img_slice_28,microUS_19_gt_slice_28,microUS_19_st_slice_28,,
microUS_19_img_slice_29,microUS_19_gt_slice_29,microUS_19_st_slice_29,,
microUS_19_img_slice_3,microUS_19_gt_slice_3,microUS_19_st_slice_3,,
microUS_19_img_slice_30,microUS_19_gt_slice_30,microUS_19_st_slice_30,,
microUS_19_img_slice_31,microUS_19_gt_slice_31,microUS_19_st_slice_31,,
microUS_19_img_slice_32,microUS_19_gt_slice_32,microUS_19_st_slice_32,,
microUS_19_img_slice_33,microUS_19_gt_slice_33,microUS_19_st_slice_33,,
microUS_19_img_slice_34,microUS_19_gt_slice_34,microUS_19_st_slice_34,,
microUS_19_img_slice_35,microUS_19_gt_slice_35,microUS_19_st_slice_35,,
microUS_19_img_slice_36,microUS_19_gt_slice_36,microUS_19_st_slice_36,,
microUS_19_img_slice_4,microUS_19_gt_slice_4,microUS_19_st_slice_4,,
microUS_19_img_slice_5,microUS_19_gt_slice_5,microUS_19_st_slice_5,,
microUS_19_img_slice_6,microUS_19_gt_slice_6,microUS_19_st_slice_6,,
microUS_19_img_slice_7,microUS_19_gt_slice_7,microUS_19_st_slice_7,,
microUS_19_img_slice_8,microUS_19_gt_slice_8,microUS_19_st_slice_8,,
microUS_19_img_slice_9,microUS_19_gt_slice_9,microUS_19_st_slice_9,,
microUS_20_img_slice_0,microUS_20_gt_slice_0,microUS_20_st_slice_0,,
microUS_20_img_slice_1,microUS_20_gt_slice_1,microUS_20_st_slice_1,,
microUS_20_img_slice_10,microUS_20_gt_slice_10,microUS_20_st_slice_10,,
microUS_20_img_slice_11,microUS_20_gt_slice_11,microUS_20_st_slice_11,,
microUS_20_img_slice_12,microUS_20_gt_slice_12,microUS_20_st_slice_12,,
microUS_20_img_slice_13,microUS_20_gt_slice_13,microUS_20_st_slice_13,,
microUS_20_img_slice_14,microUS_20_gt_slice_14,microUS_20_st_slice_14,,
microUS_20_img_slice_15,microUS_20_gt_slice_15,microUS_20_st_slice_15,,
microUS_20_img_slice_16,microUS_20_gt_slice_16,microUS_20_st_slice_16,,
microUS_20_img_slice_17,microUS_20_gt_slice_17,microUS_20_st_slice_17,,
microUS_20_img_slice_18,microUS_20_gt_slice_18,microUS_20_st_slice_18,,
microUS_20_img_slice_19,microUS_20_gt_slice_19,microUS_20_st_slice_19,,
microUS_20_img_slice_2,microUS_20_gt_slice_2,microUS_20_st_slice_2,,
microUS_20_img_slice_20,microUS_20_gt_slice_20,microUS_20_st_slice_20,,
microUS_20_img_slice_21,microUS_20_gt_slice_21,microUS_20_st_slice_21,,
microUS_20_img_slice_22,microUS_20_gt_slice_22,microUS_20_st_slice_22,,
microUS_20_img_slice_23,microUS_20_gt_slice_23,microUS_20_st_slice_23,,
microUS_20_img_slice_24,microUS_20_gt_slice_24,microUS_20_st_slice_24,,
microUS_20_img_slice_25,microUS_20_gt_slice_25,microUS_20_st_slice_25,,
microUS_20_img_slice_26,microUS_20_gt_slice_26,microUS_20_st_slice_26,,
microUS_20_img_slice_27,microUS_20_gt_slice_27,microUS_20_st_slice_27,,
microUS_20_img_slice_28,microUS_20_gt_slice_28,microUS_20_st_slice_28,,
microUS_20_img_slice_29,microUS_20_gt_slice_29,microUS_20_st_slice_29,,
microUS_20_img_slice_3,microUS_20_gt_slice_3,microUS_20_st_slice_3,,
microUS_20_img_slice_30,microUS_20_gt_slice_30,microUS_20_st_slice_30,,
microUS_20_img_slice_31,microUS_20_gt_slice_31,microUS_20_st_slice_31,,
microUS_20_img_slice_32,microUS_20_gt_slice_32,microUS_20_st_slice_32,,
microUS_20_img_slice_33,microUS_20_gt_slice_33,microUS_20_st_slice_33,,
microUS_20_img_slice_34,microUS_20_gt_slice_34,microUS_20_st_slice_34,,
microUS_20_img_slice_35,microUS_20_gt_slice_35,microUS_20_st_slice_35,,
microUS_20_img_slice_36,microUS_20_gt_slice_36,microUS_20_st_slice_36,,
microUS_20_img_slice_37,microUS_20_gt_slice_37,microUS_20_st_slice_37,,
microUS_20_img_slice_38,microUS_20_gt_slice_38,microUS_20_st_slice_38,,
microUS_20_img_slice_39,microUS_20_gt_slice_39,microUS_20_st_slice_39,,
microUS_20_img_slice_4,microUS_20_gt_slice_4,microUS_20_st_slice_4,,
microUS_20_img_slice_40,microUS_20_gt_slice_40,microUS_20_st_slice_40,,
microUS_20_img_slice_41,microUS_20_gt_slice_41,microUS_20_st_slice_41,,
microUS_20_img_slice_42,microUS_20_gt_slice_42,microUS_20_st_slice_42,,
microUS_20_img_slice_5,microUS_20_gt_slice_5,microUS_20_st_slice_5,,
microUS_20_img_slice_6,microUS_20_gt_slice_6,microUS_20_st_slice_6,,
microUS_20_img_slice_7,microUS_20_gt_slice_7,microUS_20_st_slice_7,,
microUS_20_img_slice_8,microUS_20_gt_slice_8,microUS_20_st_slice_8,,
microUS_20_img_slice_9,microUS_20_gt_slice_9,microUS_20_st_slice_9,,
microUS_21_img_slice_0,microUS_21_gt_slice_0,microUS_21_st_slice_0,,
microUS_21_img_slice_1,microUS_21_gt_slice_1,microUS_21_st_slice_1,,
microUS_21_img_slice_10,microUS_21_gt_slice_10,microUS_21_st_slice_10,,
microUS_21_img_slice_11,microUS_21_gt_slice_11,microUS_21_st_slice_11,,
microUS_21_img_slice_12,microUS_21_gt_slice_12,microUS_21_st_slice_12,,
microUS_21_img_slice_13,microUS_21_gt_slice_13,microUS_21_st_slice_13,,
microUS_21_img_slice_14,microUS_21_gt_slice_14,microUS_21_st_slice_14,,
microUS_21_img_slice_15,microUS_21_gt_slice_15,microUS_21_st_slice_15,,
microUS_21_img_slice_16,microUS_21_gt_slice_16,microUS_21_st_slice_16,,
microUS_21_img_slice_17,microUS_21_gt_slice_17,microUS_21_st_slice_17,,
microUS_21_img_slice_18,microUS_21_gt_slice_18,microUS_21_st_slice_18,,
microUS_21_img_slice_19,microUS_21_gt_slice_19,microUS_21_st_slice_19,,
microUS_21_img_slice_2,microUS_21_gt_slice_2,microUS_21_st_slice_2,,
microUS_21_img_slice_20,microUS_21_gt_slice_20,microUS_21_st_slice_20,,
microUS_21_img_slice_21,microUS_21_gt_slice_21,microUS_21_st_slice_21,,
microUS_21_img_slice_22,microUS_21_gt_slice_22,microUS_21_st_slice_22,,
microUS_21_img_slice_23,microUS_21_gt_slice_23,microUS_21_st_slice_23,,
microUS_21_img_slice_24,microUS_21_gt_slice_24,microUS_21_st_slice_24,,
microUS_21_img_slice_25,microUS_21_gt_slice_25,microUS_21_st_slice_25,,
microUS_21_img_slice_26,microUS_21_gt_slice_26,microUS_21_st_slice_26,,
microUS_21_img_slice_27,microUS_21_gt_slice_27,microUS_21_st_slice_27,,
microUS_21_img_slice_28,microUS_21_gt_slice_28,microUS_21_st_slice_28,,
microUS_21_img_slice_29,microUS_21_gt_slice_29,microUS_21_st_slice_29,,
microUS_21_img_slice_3,microUS_21_gt_slice_3,microUS_21_st_slice_3,,
microUS_21_img_slice_30,microUS_21_gt_slice_30,microUS_21_st_slice_30,,
microUS_21_img_slice_31,microUS_21_gt_slice_31,microUS_21_st_slice_31,,
microUS_21_img_slice_32,microUS_21_gt_slice_32,microUS_21_st_slice_32,,
microUS_21_img_slice_33,microUS_21_gt_slice_33,microUS_21_st_slice_33,,
microUS_21_img_slice_34,microUS_21_gt_slice_34,microUS_21_st_slice_34,,
microUS_21_img_slice_35,microUS_21_gt_slice_35,microUS_21_st_slice_35,,
microUS_21_img_slice_36,microUS_21_gt_slice_36,microUS_21_st_slice_36,,
microUS_21_img_slice_4,microUS_21_gt_slice_4,microUS_21_st_slice_4,,
microUS_21_img_slice_5,microUS_21_gt_slice_5,microUS_21_st_slice_5,,
microUS_21_img_slice_6,microUS_21_gt_slice_6,microUS_21_st_slice_6,,
microUS_21_img_slice_7,microUS_21_gt_slice_7,microUS_21_st_slice_7,,
microUS_21_img_slice_8,microUS_21_gt_slice_8,microUS_21_st_slice_8,,
microUS_21_img_slice_9,microUS_21_gt_slice_9,microUS_21_st_slice_9,,
microUS_22_img_slice_0,microUS_22_gt_slice_0,microUS_22_st_slice_0,,
microUS_22_img_slice_1,microUS_22_gt_slice_1,microUS_22_st_slice_1,,
microUS_22_img_slice_10,microUS_22_gt_slice_10,microUS_22_st_slice_10,,
microUS_22_img_slice_11,microUS_22_gt_slice_11,microUS_22_st_slice_11,,
microUS_22_img_slice_12,microUS_22_gt_slice_12,microUS_22_st_slice_12,,
microUS_22_img_slice_13,microUS_22_gt_slice_13,microUS_22_st_slice_13,,
microUS_22_img_slice_14,microUS_22_gt_slice_14,microUS_22_st_slice_14,,
microUS_22_img_slice_15,microUS_22_gt_slice_15,microUS_22_st_slice_15,,
microUS_22_img_slice_16,microUS_22_gt_slice_16,microUS_22_st_slice_16,,
microUS_22_img_slice_17,microUS_22_gt_slice_17,microUS_22_st_slice_17,,
microUS_22_img_slice_18,microUS_22_gt_slice_18,microUS_22_st_slice_18,,
microUS_22_img_slice_19,microUS_22_gt_slice_19,microUS_22_st_slice_19,,
microUS_22_img_slice_2,microUS_22_gt_slice_2,microUS_22_st_slice_2,,
microUS_22_img_slice_20,microUS_22_gt_slice_20,microUS_22_st_slice_20,,
microUS_22_img_slice_21,microUS_22_gt_slice_21,microUS_22_st_slice_21,,
microUS_22_img_slice_22,microUS_22_gt_slice_22,microUS_22_st_slice_22,,
microUS_22_img_slice_23,microUS_22_gt_slice_23,microUS_22_st_slice_23,,
microUS_22_img_slice_24,microUS_22_gt_slice_24,microUS_22_st_slice_24,,
microUS_22_img_slice_25,microUS_22_gt_slice_25,microUS_22_st_slice_25,,
microUS_22_img_slice_26,microUS_22_gt_slice_26,microUS_22_st_slice_26,,
microUS_22_img_slice_27,microUS_22_gt_slice_27,microUS_22_st_slice_27,,
microUS_22_img_slice_28,microUS_22_gt_slice_28,microUS_22_st_slice_28,,
microUS_22_img_slice_29,microUS_22_gt_slice_29,microUS_22_st_slice_29,,
microUS_22_img_slice_3,microUS_22_gt_slice_3,microUS_22_st_slice_3,,
microUS_22_img_slice_30,microUS_22_gt_slice_30,microUS_22_st_slice_30,,
microUS_22_img_slice_31,microUS_22_gt_slice_31,microUS_22_st_slice_31,,
microUS_22_img_slice_32,microUS_22_gt_slice_32,microUS_22_st_slice_32,,
microUS_22_img_slice_33,microUS_22_gt_slice_33,microUS_22_st_slice_33,,
microUS_22_img_slice_34,microUS_22_gt_slice_34,microUS_22_st_slice_34,,
microUS_22_img_slice_35,microUS_22_gt_slice_35,microUS_22_st_slice_35,,
microUS_22_img_slice_36,microUS_22_gt_slice_36,microUS_22_st_slice_36,,
microUS_22_img_slice_37,microUS_22_gt_slice_37,microUS_22_st_slice_37,,
microUS_22_img_slice_38,microUS_22_gt_slice_38,microUS_22_st_slice_38,,
microUS_22_img_slice_4,microUS_22_gt_slice_4,microUS_22_st_slice_4,,
microUS_22_img_slice_5,microUS_22_gt_slice_5,microUS_22_st_slice_5,,
microUS_22_img_slice_6,microUS_22_gt_slice_6,microUS_22_st_slice_6,,
microUS_22_img_slice_7,microUS_22_gt_slice_7,microUS_22_st_slice_7,,
microUS_22_img_slice_8,microUS_22_gt_slice_8,microUS_22_st_slice_8,,
microUS_22_img_slice_9,microUS_22_gt_slice_9,microUS_22_st_slice_9,,
microUS_23_img_slice_0,microUS_23_gt_slice_0,microUS_23_st_slice_0,,
microUS_23_img_slice_1,microUS_23_gt_slice_1,microUS_23_st_slice_1,,
microUS_23_img_slice_10,microUS_23_gt_slice_10,microUS_23_st_slice_10,,
microUS_23_img_slice_11,microUS_23_gt_slice_11,microUS_23_st_slice_11,,
microUS_23_img_slice_12,microUS_23_gt_slice_12,microUS_23_st_slice_12,,
microUS_23_img_slice_13,microUS_23_gt_slice_13,microUS_23_st_slice_13,,
microUS_23_img_slice_14,microUS_23_gt_slice_14,microUS_23_st_slice_14,,
microUS_23_img_slice_15,microUS_23_gt_slice_15,microUS_23_st_slice_15,,
microUS_23_img_slice_16,microUS_23_gt_slice_16,microUS_23_st_slice_16,,
microUS_23_img_slice_17,microUS_23_gt_slice_17,microUS_23_st_slice_17,,
microUS_23_img_slice_18,microUS_23_gt_slice_18,microUS_23_st_slice_18,,
microUS_23_img_slice_19,microUS_23_gt_slice_19,microUS_23_st_slice_19,,
microUS_23_img_slice_2,microUS_23_gt_slice_2,microUS_23_st_slice_2,,
microUS_23_img_slice_20,microUS_23_gt_slice_20,microUS_23_st_slice_20,,
microUS_23_img_slice_21,microUS_23_gt_slice_21,microUS_23_st_slice_21,,
microUS_23_img_slice_22,microUS_23_gt_slice_22,microUS_23_st_slice_22,,
microUS_23_img_slice_23,microUS_23_gt_slice_23,microUS_23_st_slice_23,,
microUS_23_img_slice_24,microUS_23_gt_slice_24,microUS_23_st_slice_24,,
microUS_23_img_slice_25,microUS_23_gt_slice_25,microUS_23_st_slice_25,,
microUS_23_img_slice_26,microUS_23_gt_slice_26,microUS_23_st_slice_26,,
microUS_23_img_slice_27,microUS_23_gt_slice_27,microUS_23_st_slice_27,,
microUS_23_img_slice_28,microUS_23_gt_slice_28,microUS_23_st_slice_28,,
microUS_23_img_slice_29,microUS_23_gt_slice_29,microUS_23_st_slice_29,,
microUS_23_img_slice_3,microUS_23_gt_slice_3,microUS_23_st_slice_3,,
microUS_23_img_slice_4,microUS_23_gt_slice_4,microUS_23_st_slice_4,,
microUS_23_img_slice_5,microUS_23_gt_slice_5,microUS_23_st_slice_5,,
microUS_23_img_slice_6,microUS_23_gt_slice_6,microUS_23_st_slice_6,,
microUS_23_img_slice_7,microUS_23_gt_slice_7,microUS_23_st_slice_7,,
microUS_23_img_slice_8,microUS_23_gt_slice_8,microUS_23_st_slice_8,,
microUS_23_img_slice_9,microUS_23_gt_slice_9,microUS_23_st_slice_9,,
microUS_24_img_slice_0,microUS_24_gt_slice_0,microUS_24_st_slice_0,,
microUS_24_img_slice_1,microUS_24_gt_slice_1,microUS_24_st_slice_1,,
microUS_24_img_slice_10,microUS_24_gt_slice_10,microUS_24_st_slice_10,,
microUS_24_img_slice_11,microUS_24_gt_slice_11,microUS_24_st_slice_11,,
microUS_24_img_slice_12,microUS_24_gt_slice_12,microUS_24_st_slice_12,,
microUS_24_img_slice_13,microUS_24_gt_slice_13,microUS_24_st_slice_13,,
microUS_24_img_slice_14,microUS_24_gt_slice_14,microUS_24_st_slice_14,,
microUS_24_img_slice_15,microUS_24_gt_slice_15,microUS_24_st_slice_15,,
microUS_24_img_slice_16,microUS_24_gt_slice_16,microUS_24_st_slice_16,,
microUS_24_img_slice_17,microUS_24_gt_slice_17,microUS_24_st_slice_17,,
microUS_24_img_slice_18,microUS_24_gt_slice_18,microUS_24_st_slice_18,,
microUS_24_img_slice_19,microUS_24_gt_slice_19,microUS_24_st_slice_19,,
microUS_24_img_slice_2,microUS_24_gt_slice_2,microUS_24_st_slice_2,,
microUS_24_img_slice_20,microUS_24_gt_slice_20,microUS_24_st_slice_20,,
microUS_24_img_slice_21,microUS_24_gt_slice_21,microUS_24_st_slice_21,,
microUS_24_img_slice_22,microUS_24_gt_slice_22,microUS_24_st_slice_22,,
microUS_24_img_slice_23,microUS_24_gt_slice_23,microUS_24_st_slice_23,,
microUS_24_img_slice_24,microUS_24_gt_slice_24,microUS_24_st_slice_24,,
microUS_24_img_slice_25,microUS_24_gt_slice_25,microUS_24_st_slice_25,,
microUS_24_img_slice_26,microUS_24_gt_slice_26,microUS_24_st_slice_26,,
microUS_24_img_slice_27,microUS_24_gt_slice_27,microUS_24_st_slice_27,,
microUS_24_img_slice_28,microUS_24_gt_slice_28,microUS_24_st_slice_28,,
microUS_24_img_slice_29,microUS_24_gt_slice_29,microUS_24_st_slice_29,,
microUS_24_img_slice_3,microUS_24_gt_slice_3,microUS_24_st_slice_3,,
microUS_24_img_slice_30,microUS_24_gt_slice_30,microUS_24_st_slice_30,,
microUS_24_img_slice_31,microUS_24_gt_slice_31,microUS_24_st_slice_31,,
microUS_24_img_slice_32,microUS_24_gt_slice_32,microUS_24_st_slice_32,,
microUS_24_img_slice_33,microUS_24_gt_slice_33,microUS_24_st_slice_33,,
microUS_24_img_slice_34,microUS_24_gt_slice_34,microUS_24_st_slice_34,,
microUS_24_img_slice_35,microUS_24_gt_slice_35,microUS_24_st_slice_35,,
microUS_24_img_slice_36,microUS_24_gt_slice_36,microUS_24_st_slice_36,,
microUS_24_img_slice_37,microUS_24_gt_slice_37,microUS_24_st_slice_37,,
microUS_24_img_slice_38,microUS_24_gt_slice_38,microUS_24_st_slice_38,,
microUS_24_img_slice_39,microUS_24_gt_slice_39,microUS_24_st_slice_39,,
microUS_24_img_slice_4,microUS_24_gt_slice_4,microUS_24_st_slice_4,,
microUS_24_img_slice_40,microUS_24_gt_slice_40,microUS_24_st_slice_40,,
microUS_24_img_slice_41,microUS_24_gt_slice_41,microUS_24_st_slice_41,,
microUS_24_img_slice_42,microUS_24_gt_slice_42,microUS_24_st_slice_42,,
microUS_24_img_slice_5,microUS_24_gt_slice_5,microUS_24_st_slice_5,,
microUS_24_img_slice_6,microUS_24_gt_slice_6,microUS_24_st_slice_6,,
microUS_24_img_slice_7,microUS_24_gt_slice_7,microUS_24_st_slice_7,,
microUS_24_img_slice_8,microUS_24_gt_slice_8,microUS_24_st_slice_8,,
microUS_24_img_slice_9,microUS_24_gt_slice_9,microUS_24_st_slice_9,,
microUS_25_img_slice_0,microUS_25_gt_slice_0,microUS_25_st_slice_0,,
microUS_25_img_slice_1,microUS_25_gt_slice_1,microUS_25_st_slice_1,,
microUS_25_img_slice_10,microUS_25_gt_slice_10,microUS_25_st_slice_10,,
microUS_25_img_slice_11,microUS_25_gt_slice_11,microUS_25_st_slice_11,,
microUS_25_img_slice_12,microUS_25_gt_slice_12,microUS_25_st_slice_12,,
microUS_25_img_slice_13,microUS_25_gt_slice_13,microUS_25_st_slice_13,,
microUS_25_img_slice_14,microUS_25_gt_slice_14,microUS_25_st_slice_14,,
microUS_25_img_slice_15,microUS_25_gt_slice_15,microUS_25_st_slice_15,,
microUS_25_img_slice_16,microUS_25_gt_slice_16,microUS_25_st_slice_16,,
microUS_25_img_slice_17,microUS_25_gt_slice_17,microUS_25_st_slice_17,,
microUS_25_img_slice_18,microUS_25_gt_slice_18,microUS_25_st_slice_18,,
microUS_25_img_slice_19,microUS_25_gt_slice_19,microUS_25_st_slice_19,,
microUS_25_img_slice_2,microUS_25_gt_slice_2,microUS_25_st_slice_2,,
microUS_25_img_slice_20,microUS_25_gt_slice_20,microUS_25_st_slice_20,,
microUS_25_img_slice_21,microUS_25_gt_slice_21,microUS_25_st_slice_21,,
microUS_25_img_slice_22,microUS_25_gt_slice_22,microUS_25_st_slice_22,,
microUS_25_img_slice_23,microUS_25_gt_slice_23,microUS_25_st_slice_23,,
microUS_25_img_slice_24,microUS_25_gt_slice_24,microUS_25_st_slice_24,,
microUS_25_img_slice_25,microUS_25_gt_slice_25,microUS_25_st_slice_25,,
microUS_25_img_slice_26,microUS_25_gt_slice_26,microUS_25_st_slice_26,,
microUS_25_img_slice_27,microUS_25_gt_slice_27,microUS_25_st_slice_27,,
microUS_25_img_slice_28,microUS_25_gt_slice_28,microUS_25_st_slice_28,,
microUS_25_img_slice_29,microUS_25_gt_slice_29,microUS_25_st_slice_29,,
microUS_25_img_slice_3,microUS_25_gt_slice_3,microUS_25_st_slice_3,,
microUS_25_img_slice_30,microUS_25_gt_slice_30,microUS_25_st_slice_30,,
microUS_25_img_slice_31,microUS_25_gt_slice_31,microUS_25_st_slice_31,,
microUS_25_img_slice_32,microUS_25_gt_slice_32,microUS_25_st_slice_32,,
microUS_25_img_slice_33,microUS_25_gt_slice_33,microUS_25_st_slice_33,,
microUS_25_img_slice_34,microUS_25_gt_slice_34,microUS_25_st_slice_34,,
microUS_25_img_slice_35,microUS_25_gt_slice_35,microUS_25_st_slice_35,,
microUS_25_img_slice_36,microUS_25_gt_slice_36,microUS_25_st_slice_36,,
microUS_25_img_slice_37,microUS_25_gt_slice_37,microUS_25_st_slice_37,,
microUS_25_img_slice_38,microUS_25_gt_slice_38,microUS_25_st_slice_38,,
microUS_25_img_slice_39,microUS_25_gt_slice_39,microUS_25_st_slice_39,,
microUS_25_img_slice_4,microUS_25_gt_slice_4,microUS_25_st_slice_4,,
microUS_25_img_slice_5,microUS_25_gt_slice_5,microUS_25_st_slice_5,,
microUS_25_img_slice_6,microUS_25_gt_slice_6,microUS_25_st_slice_6,,
microUS_25_img_slice_7,microUS_25_gt_slice_7,microUS_25_st_slice_7,,
microUS_25_img_slice_8,microUS_25_gt_slice_8,microUS_25_st_slice_8,,
microUS_25_img_slice_9,microUS_25_gt_slice_9,microUS_25_st_slice_9,,
microUS_26_img_slice_0,microUS_26_gt_slice_0,microUS_26_st_slice_0,,
microUS_26_img_slice_1,microUS_26_gt_slice_1,microUS_26_st_slice_1,,
microUS_26_img_slice_10,microUS_26_gt_slice_10,microUS_26_st_slice_10,,
microUS_26_img_slice_11,microUS_26_gt_slice_11,microUS_26_st_slice_11,,
microUS_26_img_slice_12,microUS_26_gt_slice_12,microUS_26_st_slice_12,,
microUS_26_img_slice_13,microUS_26_gt_slice_13,microUS_26_st_slice_13,,
microUS_26_img_slice_14,microUS_26_gt_slice_14,microUS_26_st_slice_14,,
microUS_26_img_slice_15,microUS_26_gt_slice_15,microUS_26_st_slice_15,,
microUS_26_img_slice_16,microUS_26_gt_slice_16,microUS_26_st_slice_16,,
microUS_26_img_slice_17,microUS_26_gt_slice_17,microUS_26_st_slice_17,,
microUS_26_img_slice_18,microUS_26_gt_slice_18,microUS_26_st_slice_18,,
microUS_26_img_slice_19,microUS_26_gt_slice_19,microUS_26_st_slice_19,,
microUS_26_img_slice_2,microUS_26_gt_slice_2,microUS_26_st_slice_2,,
microUS_26_img_slice_20,microUS_26_gt_slice_20,microUS_26_st_slice_20,,
microUS_26_img_slice_21,microUS_26_gt_slice_21,microUS_26_st_slice_21,,
microUS_26_img_slice_22,microUS_26_gt_slice_22,microUS_26_st_slice_22,,
microUS_26_img_slice_23,microUS_26_gt_slice_23,microUS_26_st_slice_23,,
microUS_26_img_slice_24,microUS_26_gt_slice_24,microUS_26_st_slice_24,,
microUS_26_img_slice_25,microUS_26_gt_slice_25,microUS_26_st_slice_25,,
microUS_26_img_slice_26,microUS_26_gt_slice_26,microUS_26_st_slice_26,,
microUS_26_img_slice_27,microUS_26_gt_slice_27,microUS_26_st_slice_27,,
microUS_26_img_slice_28,microUS_26_gt_slice_28,microUS_26_st_slice_28,,
microUS_26_img_slice_29,microUS_26_gt_slice_29,microUS_26_st_slice_29,,
microUS_26_img_slice_3,microUS_26_gt_slice_3,microUS_26_st_slice_3,,
microUS_26_img_slice_30,microUS_26_gt_slice_30,microUS_26_st_slice_30,,
microUS_26_img_slice_31,microUS_26_gt_slice_31,microUS_26_st_slice_31,,
microUS_26_img_slice_32,microUS_26_gt_slice_32,microUS_26_st_slice_32,,
microUS_26_img_slice_33,microUS_26_gt_slice_33,microUS_26_st_slice_33,,
microUS_26_img_slice_34,microUS_26_gt_slice_34,microUS_26_st_slice_34,,
microUS_26_img_slice_35,microUS_26_gt_slice_35,microUS_26_st_slice_35,,
microUS_26_img_slice_36,microUS_26_gt_slice_36,microUS_26_st_slice_36,,
microUS_26_img_slice_37,microUS_26_gt_slice_37,microUS_26_st_slice_37,,
microUS_26_img_slice_38,microUS_26_gt_slice_38,microUS_26_st_slice_38,,
microUS_26_img_slice_39,microUS_26_gt_slice_39,microUS_26_st_slice_39,,
microUS_26_img_slice_4,microUS_26_gt_slice_4,microUS_26_st_slice_4,,
microUS_26_img_slice_40,microUS_26_gt_slice_40,microUS_26_st_slice_40,,
microUS_26_img_slice_41,microUS_26_gt_slice_41,microUS_26_st_slice_41,,
microUS_26_img_slice_42,microUS_26_gt_slice_42,microUS_26_st_slice_42,,
microUS_26_img_slice_43,microUS_26_gt_slice_43,microUS_26_st_slice_43,,
microUS_26_img_slice_44,microUS_26_gt_slice_44,microUS_26_st_slice_44,,
microUS_26_img_slice_5,microUS_26_gt_slice_5,microUS_26_st_slice_5,,
microUS_26_img_slice_6,microUS_26_gt_slice_6,microUS_26_st_slice_6,,
microUS_26_img_slice_7,microUS_26_gt_slice_7,microUS_26_st_slice_7,,
microUS_26_img_slice_8,microUS_26_gt_slice_8,microUS_26_st_slice_8,,
microUS_26_img_slice_9,microUS_26_gt_slice_9,microUS_26_st_slice_9,,
microUS_27_img_slice_0,microUS_27_gt_slice_0,microUS_27_st_slice_0,,
microUS_27_img_slice_1,microUS_27_gt_slice_1,microUS_27_st_slice_1,,
microUS_27_img_slice_10,microUS_27_gt_slice_10,microUS_27_st_slice_10,,
microUS_27_img_slice_11,microUS_27_gt_slice_11,microUS_27_st_slice_11,,
microUS_27_img_slice_12,microUS_27_gt_slice_12,microUS_27_st_slice_12,,
microUS_27_img_slice_13,microUS_27_gt_slice_13,microUS_27_st_slice_13,,
microUS_27_img_slice_14,microUS_27_gt_slice_14,microUS_27_st_slice_14,,
microUS_27_img_slice_15,microUS_27_gt_slice_15,microUS_27_st_slice_15,,
microUS_27_img_slice_16,microUS_27_gt_slice_16,microUS_27_st_slice_16,,
microUS_27_img_slice_17,microUS_27_gt_slice_17,microUS_27_st_slice_17,,
microUS_27_img_slice_18,microUS_27_gt_slice_18,microUS_27_st_slice_18,,
microUS_27_img_slice_19,microUS_27_gt_slice_19,microUS_27_st_slice_19,,
microUS_27_img_slice_2,microUS_27_gt_slice_2,microUS_27_st_slice_2,,
microUS_27_img_slice_20,microUS_27_gt_slice_20,microUS_27_st_slice_20,,
microUS_27_img_slice_21,microUS_27_gt_slice_21,microUS_27_st_slice_21,,
microUS_27_img_slice_22,microUS_27_gt_slice_22,microUS_27_st_slice_22,,
microUS_27_img_slice_23,microUS_27_gt_slice_23,microUS_27_st_slice_23,,
microUS_27_img_slice_24,microUS_27_gt_slice_24,microUS_27_st_slice_24,,
microUS_27_img_slice_25,microUS_27_gt_slice_25,microUS_27_st_slice_25,,
microUS_27_img_slice_26,microUS_27_gt_slice_26,microUS_27_st_slice_26,,
microUS_27_img_slice_27,microUS_27_gt_slice_27,microUS_27_st_slice_27,,
microUS_27_img_slice_28,microUS_27_gt_slice_28,microUS_27_st_slice_28,,
microUS_27_img_slice_29,microUS_27_gt_slice_29,microUS_27_st_slice_29,,
microUS_27_img_slice_3,microUS_27_gt_slice_3,microUS_27_st_slice_3,,
microUS_27_img_slice_30,microUS_27_gt_slice_30,microUS_27_st_slice_30,,
microUS_27_img_slice_31,microUS_27_gt_slice_31,microUS_27_st_slice_31,,
microUS_27_img_slice_32,microUS_27_gt_slice_32,microUS_27_st_slice_32,,
microUS_27_img_slice_33,microUS_27_gt_slice_33,microUS_27_st_slice_33,,
microUS_27_img_slice_34,microUS_27_gt_slice_34,microUS_27_st_slice_34,,
microUS_27_img_slice_4,microUS_27_gt_slice_4,microUS_27_st_slice_4,,
microUS_27_img_slice_5,microUS_27_gt_slice_5,microUS_27_st_slice_5,,
microUS_27_img_slice_6,microUS_27_gt_slice_6,microUS_27_st_slice_6,,
microUS_27_img_slice_7,microUS_27_gt_slice_7,microUS_27_st_slice_7,,
microUS_27_img_slice_8,microUS_27_gt_slice_8,microUS_27_st_slice_8,,
microUS_27_img_slice_9,microUS_27_gt_slice_9,microUS_27_st_slice_9,,
microUS_28_img_slice_0,microUS_28_gt_slice_0,microUS_28_st_slice_0,,
microUS_28_img_slice_1,microUS_28_gt_slice_1,microUS_28_st_slice_1,,
microUS_28_img_slice_10,microUS_28_gt_slice_10,microUS_28_st_slice_10,,
microUS_28_img_slice_11,microUS_28_gt_slice_11,microUS_28_st_slice_11,,
microUS_28_img_slice_12,microUS_28_gt_slice_12,microUS_28_st_slice_12,,
microUS_28_img_slice_13,microUS_28_gt_slice_13,microUS_28_st_slice_13,,
microUS_28_img_slice_14,microUS_28_gt_slice_14,microUS_28_st_slice_14,,
microUS_28_img_slice_15,microUS_28_gt_slice_15,microUS_28_st_slice_15,,
microUS_28_img_slice_16,microUS_28_gt_slice_16,microUS_28_st_slice_16,,
microUS_28_img_slice_17,microUS_28_gt_slice_17,microUS_28_st_slice_17,,
microUS_28_img_slice_18,microUS_28_gt_slice_18,microUS_28_st_slice_18,,
microUS_28_img_slice_19,microUS_28_gt_slice_19,microUS_28_st_slice_19,,
microUS_28_img_slice_2,microUS_28_gt_slice_2,microUS_28_st_slice_2,,
microUS_28_img_slice_20,microUS_28_gt_slice_20,microUS_28_st_slice_20,,
microUS_28_img_slice_21,microUS_28_gt_slice_21,microUS_28_st_slice_21,,
microUS_28_img_slice_22,microUS_28_gt_slice_22,microUS_28_st_slice_22,,
microUS_28_img_slice_23,microUS_28_gt_slice_23,microUS_28_st_slice_23,,
microUS_28_img_slice_24,microUS_28_gt_slice_24,microUS_28_st_slice_24,,
microUS_28_img_slice_25,microUS_28_gt_slice_25,microUS_28_st_slice_25,,
microUS_28_img_slice_26,microUS_28_gt_slice_26,microUS_28_st_slice_26,,
microUS_28_img_slice_27,microUS_28_gt_slice_27,microUS_28_st_slice_27,,
microUS_28_img_slice_28,microUS_28_gt_slice_28,microUS_28_st_slice_28,,
microUS_28_img_slice_29,microUS_28_gt_slice_29,microUS_28_st_slice_29,,
microUS_28_img_slice_3,microUS_28_gt_slice_3,microUS_28_st_slice_3,,
microUS_28_img_slice_30,microUS_28_gt_slice_30,microUS_28_st_slice_30,,
microUS_28_img_slice_31,microUS_28_gt_slice_31,microUS_28_st_slice_31,,
microUS_28_img_slice_32,microUS_28_gt_slice_32,microUS_28_st_slice_32,,
microUS_28_img_slice_33,microUS_28_gt_slice_33,microUS_28_st_slice_33,,
microUS_28_img_slice_34,microUS_28_gt_slice_34,microUS_28_st_slice_34,,
microUS_28_img_slice_35,microUS_28_gt_slice_35,microUS_28_st_slice_35,,
microUS_28_img_slice_36,microUS_28_gt_slice_36,microUS_28_st_slice_36,,
microUS_28_img_slice_37,microUS_28_gt_slice_37,microUS_28_st_slice_37,,
microUS_28_img_slice_38,microUS_28_gt_slice_38,microUS_28_st_slice_38,,
microUS_28_img_slice_4,microUS_28_gt_slice_4,microUS_28_st_slice_4,,
microUS_28_img_slice_5,microUS_28_gt_slice_5,microUS_28_st_slice_5,,
microUS_28_img_slice_6,microUS_28_gt_slice_6,microUS_28_st_slice_6,,
microUS_28_img_slice_7,microUS_28_gt_slice_7,microUS_28_st_slice_7,,
microUS_28_img_slice_8,microUS_28_gt_slice_8,microUS_28_st_slice_8,,
microUS_28_img_slice_9,microUS_28_gt_slice_9,microUS_28_st_slice_9,,
microUS_29_img_slice_0,microUS_29_gt_slice_0,microUS_29_st_slice_0,,
microUS_29_img_slice_1,microUS_29_gt_slice_1,microUS_29_st_slice_1,,
microUS_29_img_slice_10,microUS_29_gt_slice_10,microUS_29_st_slice_10,,
microUS_29_img_slice_11,microUS_29_gt_slice_11,microUS_29_st_slice_11,,
microUS_29_img_slice_12,microUS_29_gt_slice_12,microUS_29_st_slice_12,,
microUS_29_img_slice_13,microUS_29_gt_slice_13,microUS_29_st_slice_13,,
microUS_29_img_slice_14,microUS_29_gt_slice_14,microUS_29_st_slice_14,,
microUS_29_img_slice_15,microUS_29_gt_slice_15,microUS_29_st_slice_15,,
microUS_29_img_slice_16,microUS_29_gt_slice_16,microUS_29_st_slice_16,,
microUS_29_img_slice_17,microUS_29_gt_slice_17,microUS_29_st_slice_17,,
microUS_29_img_slice_18,microUS_29_gt_slice_18,microUS_29_st_slice_18,,
microUS_29_img_slice_19,microUS_29_gt_slice_19,microUS_29_st_slice_19,,
microUS_29_img_slice_2,microUS_29_gt_slice_2,microUS_29_st_slice_2,,
microUS_29_img_slice_20,microUS_29_gt_slice_20,microUS_29_st_slice_20,,
microUS_29_img_slice_21,microUS_29_gt_slice_21,microUS_29_st_slice_21,,
microUS_29_img_slice_22,microUS_29_gt_slice_22,microUS_29_st_slice_22,,
microUS_29_img_slice_23,microUS_29_gt_slice_23,microUS_29_st_slice_23,,
microUS_29_img_slice_24,microUS_29_gt_slice_24,microUS_29_st_slice_24,,
microUS_29_img_slice_25,microUS_29_gt_slice_25,microUS_29_st_slice_25,,
microUS_29_img_slice_26,microUS_29_gt_slice_26,microUS_29_st_slice_26,,
microUS_29_img_slice_27,microUS_29_gt_slice_27,microUS_29_st_slice_27,,
microUS_29_img_slice_28,microUS_29_gt_slice_28,microUS_29_st_slice_28,,
microUS_29_img_slice_29,microUS_29_gt_slice_29,microUS_29_st_slice_29,,
microUS_29_img_slice_3,microUS_29_gt_slice_3,microUS_29_st_slice_3,,
microUS_29_img_slice_4,microUS_29_gt_slice_4,microUS_29_st_slice_4,,
microUS_29_img_slice_5,microUS_29_gt_slice_5,microUS_29_st_slice_5,,
microUS_29_img_slice_6,microUS_29_gt_slice_6,microUS_29_st_slice_6,,
microUS_29_img_slice_7,microUS_29_gt_slice_7,microUS_29_st_slice_7,,
microUS_29_img_slice_8,microUS_29_gt_slice_8,microUS_29_st_slice_8,,
microUS_29_img_slice_9,microUS_29_gt_slice_9,microUS_29_st_slice_9,,
microUS_30_img_slice_0,microUS_30_gt_slice_0,microUS_30_st_slice_0,,
microUS_30_img_slice_1,microUS_30_gt_slice_1,microUS_30_st_slice_1,,
microUS_30_img_slice_10,microUS_30_gt_slice_10,microUS_30_st_slice_10,,
microUS_30_img_slice_11,microUS_30_gt_slice_11,microUS_30_st_slice_11,,
microUS_30_img_slice_12,microUS_30_gt_slice_12,microUS_30_st_slice_12,,
microUS_30_img_slice_13,microUS_30_gt_slice_13,microUS_30_st_slice_13,,
microUS_30_img_slice_14,microUS_30_gt_slice_14,microUS_30_st_slice_14,,
microUS_30_img_slice_15,microUS_30_gt_slice_15,microUS_30_st_slice_15,,
microUS_30_img_slice_16,microUS_30_gt_slice_16,microUS_30_st_slice_16,,
microUS_30_img_slice_17,microUS_30_gt_slice_17,microUS_30_st_slice_17,,
microUS_30_img_slice_18,microUS_30_gt_slice_18,microUS_30_st_slice_18,,
microUS_30_img_slice_19,microUS_30_gt_slice_19,microUS_30_st_slice_19,,
microUS_30_img_slice_2,microUS_30_gt_slice_2,microUS_30_st_slice_2,,
microUS_30_img_slice_20,microUS_30_gt_slice_20,microUS_30_st_slice_20,,
microUS_30_img_slice_21,microUS_30_gt_slice_21,microUS_30_st_slice_21,,
microUS_30_img_slice_22,microUS_30_gt_slice_22,microUS_30_st_slice_22,,
microUS_30_img_slice_23,microUS_30_gt_slice_23,microUS_30_st_slice_23,,
microUS_30_img_slice_24,microUS_30_gt_slice_24,microUS_30_st_slice_24,,
microUS_30_img_slice_25,microUS_30_gt_slice_25,microUS_30_st_slice_25,,
microUS_30_img_slice_26,microUS_30_gt_slice_26,microUS_30_st_slice_26,,
microUS_30_img_slice_27,microUS_30_gt_slice_27,microUS_30_st_slice_27,,
microUS_30_img_slice_28,microUS_30_gt_slice_28,microUS_30_st_slice_28,,
microUS_30_img_slice_29,microUS_30_gt_slice_29,microUS_30_st_slice_29,,
microUS_30_img_slice_3,microUS_30_gt_slice_3,microUS_30_st_slice_3,,
microUS_30_img_slice_30,microUS_30_gt_slice_30,microUS_30_st_slice_30,,
microUS_30_img_slice_31,microUS_30_gt_slice_31,microUS_30_st_slice_31,,
microUS_30_img_slice_32,microUS_30_gt_slice_32,microUS_30_st_slice_32,,
microUS_30_img_slice_33,microUS_30_gt_slice_33,microUS_30_st_slice_33,,
microUS_30_img_slice_34,microUS_30_gt_slice_34,microUS_30_st_slice_34,,
microUS_30_img_slice_35,microUS_30_gt_slice_35,microUS_30_st_slice_35,,
microUS_30_img_slice_36,microUS_30_gt_slice_36,microUS_30_st_slice_36,,
microUS_30_img_slice_37,microUS_30_gt_slice_37,microUS_30_st_slice_37,,
microUS_30_img_slice_38,microUS_30_gt_slice_38,microUS_30_st_slice_38,,
microUS_30_img_slice_39,microUS_30_gt_slice_39,microUS_30_st_slice_39,,
microUS_30_img_slice_4,microUS_30_gt_slice_4,microUS_30_st_slice_4,,
microUS_30_img_slice_40,microUS_30_gt_slice_40,microUS_30_st_slice_40,,
microUS_30_img_slice_5,microUS_30_gt_slice_5,microUS_30_st_slice_5,,
microUS_30_img_slice_6,microUS_30_gt_slice_6,microUS_30_st_slice_6,,
microUS_30_img_slice_7,microUS_30_gt_slice_7,microUS_30_st_slice_7,,
microUS_30_img_slice_8,microUS_30_gt_slice_8,microUS_30_st_slice_8,,
microUS_30_img_slice_9,microUS_30_gt_slice_9,microUS_30_st_slice_9,,
microUS_31_img_slice_0,microUS_31_gt_slice_0,microUS_31_st_slice_0,,
microUS_31_img_slice_1,microUS_31_gt_slice_1,microUS_31_st_slice_1,,
microUS_31_img_slice_10,microUS_31_gt_slice_10,microUS_31_st_slice_10,,
microUS_31_img_slice_11,microUS_31_gt_slice_11,microUS_31_st_slice_11,,
microUS_31_img_slice_12,microUS_31_gt_slice_12,microUS_31_st_slice_12,,
microUS_31_img_slice_13,microUS_31_gt_slice_13,microUS_31_st_slice_13,,
microUS_31_img_slice_14,microUS_31_gt_slice_14,microUS_31_st_slice_14,,
microUS_31_img_slice_15,microUS_31_gt_slice_15,microUS_31_st_slice_15,,
microUS_31_img_slice_16,microUS_31_gt_slice_16,microUS_31_st_slice_16,,
microUS_31_img_slice_17,microUS_31_gt_slice_17,microUS_31_st_slice_17,,
microUS_31_img_slice_18,microUS_31_gt_slice_18,microUS_31_st_slice_18,,
microUS_31_img_slice_19,microUS_31_gt_slice_19,microUS_31_st_slice_19,,
microUS_31_img_slice_2,microUS_31_gt_slice_2,microUS_31_st_slice_2,,
microUS_31_img_slice_20,microUS_31_gt_slice_20,microUS_31_st_slice_20,,
microUS_31_img_slice_21,microUS_31_gt_slice_21,microUS_31_st_slice_21,,
microUS_31_img_slice_22,microUS_31_gt_slice_22,microUS_31_st_slice_22,,
microUS_31_img_slice_23,microUS_31_gt_slice_23,microUS_31_st_slice_23,,
microUS_31_img_slice_24,microUS_31_gt_slice_24,microUS_31_st_slice_24,,
microUS_31_img_slice_25,microUS_31_gt_slice_25,microUS_31_st_slice_25,,
microUS_31_img_slice_26,microUS_31_gt_slice_26,microUS_31_st_slice_26,,
microUS_31_img_slice_27,microUS_31_gt_slice_27,microUS_31_st_slice_27,,
microUS_31_img_slice_28,microUS_31_gt_slice_28,microUS_31_st_slice_28,,
microUS_31_img_slice_29,microUS_31_gt_slice_29,microUS_31_st_slice_29,,
microUS_31_img_slice_3,microUS_31_gt_slice_3,microUS_31_st_slice_3,,
microUS_31_img_slice_30,microUS_31_gt_slice_30,microUS_31_st_slice_30,,
microUS_31_img_slice_31,microUS_31_gt_slice_31,microUS_31_st_slice_31,,
microUS_31_img_slice_32,microUS_31_gt_slice_32,microUS_31_st_slice_32,,
microUS_31_img_slice_33,microUS_31_gt_slice_33,microUS_31_st_slice_33,,
microUS_31_img_slice_34,microUS_31_gt_slice_34,microUS_31_st_slice_34,,
microUS_31_img_slice_35,microUS_31_gt_slice_35,microUS_31_st_slice_35,,
microUS_31_img_slice_36,microUS_31_gt_slice_36,microUS_31_st_slice_36,,
microUS_31_img_slice_37,microUS_31_gt_slice_37,microUS_31_st_slice_37,,
microUS_31_img_slice_38,microUS_31_gt_slice_38,microUS_31_st_slice_38,,
microUS_31_img_slice_39,microUS_31_gt_slice_39,microUS_31_st_slice_39,,
microUS_31_img_slice_4,microUS_31_gt_slice_4,microUS_31_st_slice_4,,
microUS_31_img_slice_5,microUS_31_gt_slice_5,microUS_31_st_slice_5,,
microUS_31_img_slice_6,microUS_31_gt_slice_6,microUS_31_st_slice_6,,
microUS_31_img_slice_7,microUS_31_gt_slice_7,microUS_31_st_slice_7,,
microUS_31_img_slice_8,microUS_31_gt_slice_8,microUS_31_st_slice_8,,
microUS_31_img_slice_9,microUS_31_gt_slice_9,microUS_31_st_slice_9,,
microUS_32_img_slice_0,microUS_32_gt_slice_0,microUS_32_st_slice_0,,
microUS_32_img_slice_1,microUS_32_gt_slice_1,microUS_32_st_slice_1,,
microUS_32_img_slice_10,microUS_32_gt_slice_10,microUS_32_st_slice_10,,
microUS_32_img_slice_11,microUS_32_gt_slice_11,microUS_32_st_slice_11,,
microUS_32_img_slice_12,microUS_32_gt_slice_12,microUS_32_st_slice_12,,
microUS_32_img_slice_13,microUS_32_gt_slice_13,microUS_32_st_slice_13,,
microUS_32_img_slice_14,microUS_32_gt_slice_14,microUS_32_st_slice_14,,
microUS_32_img_slice_15,microUS_32_gt_slice_15,microUS_32_st_slice_15,,
microUS_32_img_slice_16,microUS_32_gt_slice_16,microUS_32_st_slice_16,,
microUS_32_img_slice_17,microUS_32_gt_slice_17,microUS_32_st_slice_17,,
microUS_32_img_slice_18,microUS_32_gt_slice_18,microUS_32_st_slice_18,,
microUS_32_img_slice_19,microUS_32_gt_slice_19,microUS_32_st_slice_19,,
microUS_32_img_slice_2,microUS_32_gt_slice_2,microUS_32_st_slice_2,,
microUS_32_img_slice_20,microUS_32_gt_slice_20,microUS_32_st_slice_20,,
microUS_32_img_slice_21,microUS_32_gt_slice_21,microUS_32_st_slice_21,,
microUS_32_img_slice_22,microUS_32_gt_slice_22,microUS_32_st_slice_22,,
microUS_32_img_slice_23,microUS_32_gt_slice_23,microUS_32_st_slice_23,,
microUS_32_img_slice_24,microUS_32_gt_slice_24,microUS_32_st_slice_24,,
microUS_32_img_slice_25,microUS_32_gt_slice_25,microUS_32_st_slice_25,,
microUS_32_img_slice_26,microUS_32_gt_slice_26,microUS_32_st_slice_26,,
microUS_32_img_slice_27,microUS_32_gt_slice_27,microUS_32_st_slice_27,,
microUS_32_img_slice_28,microUS_32_gt_slice_28,microUS_32_st_slice_28,,
microUS_32_img_slice_29,microUS_32_gt_slice_29,microUS_32_st_slice_29,,
microUS_32_img_slice_3,microUS_32_gt_slice_3,microUS_32_st_slice_3,,
microUS_32_img_slice_30,microUS_32_gt_slice_30,microUS_32_st_slice_30,,
microUS_32_img_slice_31,microUS_32_gt_slice_31,microUS_32_st_slice_31,,
microUS_32_img_slice_32,microUS_32_gt_slice_32,microUS_32_st_slice_32,,
microUS_32_img_slice_33,microUS_32_gt_slice_33,microUS_32_st_slice_33,,
microUS_32_img_slice_34,microUS_32_gt_slice_34,microUS_32_st_slice_34,,
microUS_32_img_slice_35,microUS_32_gt_slice_35,microUS_32_st_slice_35,,
microUS_32_img_slice_36,microUS_32_gt_slice_36,microUS_32_st_slice_36,,
microUS_32_img_slice_37,microUS_32_gt_slice_37,microUS_32_st_slice_37,,
microUS_32_img_slice_38,microUS_32_gt_slice_38,microUS_32_st_slice_38,,
microUS_32_img_slice_39,microUS_32_gt_slice_39,microUS_32_st_slice_39,,
microUS_32_img_slice_4,microUS_32_gt_slice_4,microUS_32_st_slice_4,,
microUS_32_img_slice_5,microUS_32_gt_slice_5,microUS_32_st_slice_5,,
microUS_32_img_slice_6,microUS_32_gt_slice_6,microUS_32_st_slice_6,,
microUS_32_img_slice_7,microUS_32_gt_slice_7,microUS_32_st_slice_7,,
microUS_32_img_slice_8,microUS_32_gt_slice_8,microUS_32_st_slice_8,,
microUS_32_img_slice_9,microUS_32_gt_slice_9,microUS_32_st_slice_9,,
microUS_33_img_slice_0,microUS_33_gt_slice_0,microUS_33_st_slice_0,,
microUS_33_img_slice_1,microUS_33_gt_slice_1,microUS_33_st_slice_1,,
microUS_33_img_slice_10,microUS_33_gt_slice_10,microUS_33_st_slice_10,,
microUS_33_img_slice_11,microUS_33_gt_slice_11,microUS_33_st_slice_11,,
microUS_33_img_slice_12,microUS_33_gt_slice_12,microUS_33_st_slice_12,,
microUS_33_img_slice_13,microUS_33_gt_slice_13,microUS_33_st_slice_13,,
microUS_33_img_slice_14,microUS_33_gt_slice_14,microUS_33_st_slice_14,,
microUS_33_img_slice_15,microUS_33_gt_slice_15,microUS_33_st_slice_15,,
microUS_33_img_slice_16,microUS_33_gt_slice_16,microUS_33_st_slice_16,,
microUS_33_img_slice_17,microUS_33_gt_slice_17,microUS_33_st_slice_17,,
microUS_33_img_slice_18,microUS_33_gt_slice_18,microUS_33_st_slice_18,,
microUS_33_img_slice_19,microUS_33_gt_slice_19,microUS_33_st_slice_19,,
microUS_33_img_slice_2,microUS_33_gt_slice_2,microUS_33_st_slice_2,,
microUS_33_img_slice_20,microUS_33_gt_slice_20,microUS_33_st_slice_20,,
microUS_33_img_slice_21,microUS_33_gt_slice_21,microUS_33_st_slice_21,,
microUS_33_img_slice_22,microUS_33_gt_slice_22,microUS_33_st_slice_22,,
microUS_33_img_slice_23,microUS_33_gt_slice_23,microUS_33_st_slice_23,,
microUS_33_img_slice_24,microUS_33_gt_slice_24,microUS_33_st_slice_24,,
microUS_33_img_slice_25,microUS_33_gt_slice_25,microUS_33_st_slice_25,,
microUS_33_img_slice_26,microUS_33_gt_slice_26,microUS_33_st_slice_26,,
microUS_33_img_slice_27,microUS_33_gt_slice_27,microUS_33_st_slice_27,,
microUS_33_img_slice_28,microUS_33_gt_slice_28,microUS_33_st_slice_28,,
microUS_33_img_slice_29,microUS_33_gt_slice_29,microUS_33_st_slice_29,,
microUS_33_img_slice_3,microUS_33_gt_slice_3,microUS_33_st_slice_3,,
microUS_33_img_slice_30,microUS_33_gt_slice_30,microUS_33_st_slice_30,,
microUS_33_img_slice_31,microUS_33_gt_slice_31,microUS_33_st_slice_31,,
microUS_33_img_slice_32,microUS_33_gt_slice_32,microUS_33_st_slice_32,,
microUS_33_img_slice_4,microUS_33_gt_slice_4,microUS_33_st_slice_4,,
microUS_33_img_slice_5,microUS_33_gt_slice_5,microUS_33_st_slice_5,,
microUS_33_img_slice_6,microUS_33_gt_slice_6,microUS_33_st_slice_6,,
microUS_33_img_slice_7,microUS_33_gt_slice_7,microUS_33_st_slice_7,,
microUS_33_img_slice_8,microUS_33_gt_slice_8,microUS_33_st_slice_8,,
microUS_33_img_slice_9,microUS_33_gt_slice_9,microUS_33_st_slice_9,,
microUS_34_img_slice_0,microUS_34_gt_slice_0,microUS_34_st_slice_0,,
microUS_34_img_slice_1,microUS_34_gt_slice_1,microUS_34_st_slice_1,,
microUS_34_img_slice_10,microUS_34_gt_slice_10,microUS_34_st_slice_10,,
microUS_34_img_slice_11,microUS_34_gt_slice_11,microUS_34_st_slice_11,,
microUS_34_img_slice_12,microUS_34_gt_slice_12,microUS_34_st_slice_12,,
microUS_34_img_slice_13,microUS_34_gt_slice_13,microUS_34_st_slice_13,,
microUS_34_img_slice_14,microUS_34_gt_slice_14,microUS_34_st_slice_14,,
microUS_34_img_slice_15,microUS_34_gt_slice_15,microUS_34_st_slice_15,,
microUS_34_img_slice_16,microUS_34_gt_slice_16,microUS_34_st_slice_16,,
microUS_34_img_slice_17,microUS_34_gt_slice_17,microUS_34_st_slice_17,,
microUS_34_img_slice_18,microUS_34_gt_slice_18,microUS_34_st_slice_18,,
microUS_34_img_slice_19,microUS_34_gt_slice_19,microUS_34_st_slice_19,,
microUS_34_img_slice_2,microUS_34_gt_slice_2,microUS_34_st_slice_2,,
microUS_34_img_slice_20,microUS_34_gt_slice_20,microUS_34_st_slice_20,,
microUS_34_img_slice_21,microUS_34_gt_slice_21,microUS_34_st_slice_21,,
microUS_34_img_slice_22,microUS_34_gt_slice_22,microUS_34_st_slice_22,,
microUS_34_img_slice_23,microUS_34_gt_slice_23,microUS_34_st_slice_23,,
microUS_34_img_slice_24,microUS_34_gt_slice_24,microUS_34_st_slice_24,,
microUS_34_img_slice_25,microUS_34_gt_slice_25,microUS_34_st_slice_25,,
microUS_34_img_slice_26,microUS_34_gt_slice_26,microUS_34_st_slice_26,,
microUS_34_img_slice_27,microUS_34_gt_slice_27,microUS_34_st_slice_27,,
microUS_34_img_slice_28,microUS_34_gt_slice_28,microUS_34_st_slice_28,,
microUS_34_img_slice_29,microUS_34_gt_slice_29,microUS_34_st_slice_29,,
microUS_34_img_slice_3,microUS_34_gt_slice_3,microUS_34_st_slice_3,,
microUS_34_img_slice_30,microUS_34_gt_slice_30,microUS_34_st_slice_30,,
microUS_34_img_slice_31,microUS_34_gt_slice_31,microUS_34_st_slice_31,,
microUS_34_img_slice_32,microUS_34_gt_slice_32,microUS_34_st_slice_32,,
microUS_34_img_slice_4,microUS_34_gt_slice_4,microUS_34_st_slice_4,,
microUS_34_img_slice_5,microUS_34_gt_slice_5,microUS_34_st_slice_5,,
microUS_34_img_slice_6,microUS_34_gt_slice_6,microUS_34_st_slice_6,,
microUS_34_img_slice_7,microUS_34_gt_slice_7,microUS_34_st_slice_7,,
microUS_34_img_slice_8,microUS_34_gt_slice_8,microUS_34_st_slice_8,,
microUS_34_img_slice_9,microUS_34_gt_slice_9,microUS_34_st_slice_9,,
microUS_35_img_slice_0,microUS_35_gt_slice_0,microUS_35_st_slice_0,,
microUS_35_img_slice_1,microUS_35_gt_slice_1,microUS_35_st_slice_1,,
microUS_35_img_slice_10,microUS_35_gt_slice_10,microUS_35_st_slice_10,,
microUS_35_img_slice_11,microUS_35_gt_slice_11,microUS_35_st_slice_11,,
microUS_35_img_slice_12,microUS_35_gt_slice_12,microUS_35_st_slice_12,,
microUS_35_img_slice_13,microUS_35_gt_slice_13,microUS_35_st_slice_13,,
microUS_35_img_slice_14,microUS_35_gt_slice_14,microUS_35_st_slice_14,,
microUS_35_img_slice_15,microUS_35_gt_slice_15,microUS_35_st_slice_15,,
microUS_35_img_slice_16,microUS_35_gt_slice_16,microUS_35_st_slice_16,,
microUS_35_img_slice_17,microUS_35_gt_slice_17,microUS_35_st_slice_17,,
microUS_35_img_slice_18,microUS_35_gt_slice_18,microUS_35_st_slice_18,,
microUS_35_img_slice_19,microUS_35_gt_slice_19,microUS_35_st_slice_19,,
microUS_35_img_slice_2,microUS_35_gt_slice_2,microUS_35_st_slice_2,,
microUS_35_img_slice_20,microUS_35_gt_slice_20,microUS_35_st_slice_20,,
microUS_35_img_slice_21,microUS_35_gt_slice_21,microUS_35_st_slice_21,,
microUS_35_img_slice_22,microUS_35_gt_slice_22,microUS_35_st_slice_22,,
microUS_35_img_slice_23,microUS_35_gt_slice_23,microUS_35_st_slice_23,,
microUS_35_img_slice_24,microUS_35_gt_slice_24,microUS_35_st_slice_24,,
microUS_35_img_slice_25,microUS_35_gt_slice_25,microUS_35_st_slice_25,,
microUS_35_img_slice_26,microUS_35_gt_slice_26,microUS_35_st_slice_26,,
microUS_35_img_slice_27,microUS_35_gt_slice_27,microUS_35_st_slice_27,,
microUS_35_img_slice_28,microUS_35_gt_slice_28,microUS_35_st_slice_28,,
microUS_35_img_slice_29,microUS_35_gt_slice_29,microUS_35_st_slice_29,,
microUS_35_img_slice_3,microUS_35_gt_slice_3,microUS_35_st_slice_3,,
microUS_35_img_slice_30,microUS_35_gt_slice_30,microUS_35_st_slice_30,,
microUS_35_img_slice_31,microUS_35_gt_slice_31,microUS_35_st_slice_31,,
microUS_35_img_slice_32,microUS_35_gt_slice_32,microUS_35_st_slice_32,,
microUS_35_img_slice_33,microUS_35_gt_slice_33,microUS_35_st_slice_33,,
microUS_35_img_slice_34,microUS_35_gt_slice_34,microUS_35_st_slice_34,,
microUS_35_img_slice_35,microUS_35_gt_slice_35,microUS_35_st_slice_35,,
microUS_35_img_slice_36,microUS_35_gt_slice_36,microUS_35_st_slice_36,,
microUS_35_img_slice_37,microUS_35_gt_slice_37,microUS_35_st_slice_37,,
microUS_35_img_slice_38,microUS_35_gt_slice_38,microUS_35_st_slice_38,,
microUS_35_img_slice_39,microUS_35_gt_slice_39,microUS_35_st_slice_39,,
microUS_35_img_slice_4,microUS_35_gt_slice_4,microUS_35_st_slice_4,,
microUS_35_img_slice_40,microUS_35_gt_slice_40,microUS_35_st_slice_40,,
microUS_35_img_slice_41,microUS_35_gt_slice_41,microUS_35_st_slice_41,,
microUS_35_img_slice_42,microUS_35_gt_slice_42,microUS_35_st_slice_42,,
microUS_35_img_slice_43,microUS_35_gt_slice_43,microUS_35_st_slice_43,,
microUS_35_img_slice_44,microUS_35_gt_slice_44,microUS_35_st_slice_44,,
microUS_35_img_slice_5,microUS_35_gt_slice_5,microUS_35_st_slice_5,,
microUS_35_img_slice_6,microUS_35_gt_slice_6,microUS_35_st_slice_6,,
microUS_35_img_slice_7,microUS_35_gt_slice_7,microUS_35_st_slice_7,,
microUS_35_img_slice_8,microUS_35_gt_slice_8,microUS_35_st_slice_8,,
microUS_35_img_slice_9,microUS_35_gt_slice_9,microUS_35_st_slice_9,,
microUS_36_img_slice_0,microUS_36_gt_slice_0,microUS_36_st_slice_0,,
microUS_36_img_slice_1,microUS_36_gt_slice_1,microUS_36_st_slice_1,,
microUS_36_img_slice_10,microUS_36_gt_slice_10,microUS_36_st_slice_10,,
microUS_36_img_slice_11,microUS_36_gt_slice_11,microUS_36_st_slice_11,,
microUS_36_img_slice_12,microUS_36_gt_slice_12,microUS_36_st_slice_12,,
microUS_36_img_slice_13,microUS_36_gt_slice_13,microUS_36_st_slice_13,,
microUS_36_img_slice_14,microUS_36_gt_slice_14,microUS_36_st_slice_14,,
microUS_36_img_slice_15,microUS_36_gt_slice_15,microUS_36_st_slice_15,,
microUS_36_img_slice_16,microUS_36_gt_slice_16,microUS_36_st_slice_16,,
microUS_36_img_slice_17,microUS_36_gt_slice_17,microUS_36_st_slice_17,,
microUS_36_img_slice_18,microUS_36_gt_slice_18,microUS_36_st_slice_18,,
microUS_36_img_slice_19,microUS_36_gt_slice_19,microUS_36_st_slice_19,,
microUS_36_img_slice_2,microUS_36_gt_slice_2,microUS_36_st_slice_2,,
microUS_36_img_slice_20,microUS_36_gt_slice_20,microUS_36_st_slice_20,,
microUS_36_img_slice_21,microUS_36_gt_slice_21,microUS_36_st_slice_21,,
microUS_36_img_slice_22,microUS_36_gt_slice_22,microUS_36_st_slice_22,,
microUS_36_img_slice_23,microUS_36_gt_slice_23,microUS_36_st_slice_23,,
microUS_36_img_slice_24,microUS_36_gt_slice_24,microUS_36_st_slice_24,,
microUS_36_img_slice_25,microUS_36_gt_slice_25,microUS_36_st_slice_25,,
microUS_36_img_slice_26,microUS_36_gt_slice_26,microUS_36_st_slice_26,,
microUS_36_img_slice_27,microUS_36_gt_slice_27,microUS_36_st_slice_27,,
microUS_36_img_slice_28,microUS_36_gt_slice_28,microUS_36_st_slice_28,,
microUS_36_img_slice_29,microUS_36_gt_slice_29,microUS_36_st_slice_29,,
microUS_36_img_slice_3,microUS_36_gt_slice_3,microUS_36_st_slice_3,,
microUS_36_img_slice_30,microUS_36_gt_slice_30,microUS_36_st_slice_30,,
microUS_36_img_slice_31,microUS_36_gt_slice_31,microUS_36_st_slice_31,,
microUS_36_img_slice_32,microUS_36_gt_slice_32,microUS_36_st_slice_32,,
microUS_36_img_slice_33,microUS_36_gt_slice_33,microUS_36_st_slice_33,,
microUS_36_img_slice_34,microUS_36_gt_slice_34,microUS_36_st_slice_34,,
microUS_36_img_slice_35,microUS_36_gt_slice_35,microUS_36_st_slice_35,,
microUS_36_img_slice_36,microUS_36_gt_slice_36,microUS_36_st_slice_36,,
microUS_36_img_slice_37,microUS_36_gt_slice_37,microUS_36_st_slice_37,,
microUS_36_img_slice_38,microUS_36_gt_slice_38,microUS_36_st_slice_38,,
microUS_36_img_slice_39,microUS_36_gt_slice_39,microUS_36_st_slice_39,,
microUS_36_img_slice_4,microUS_36_gt_slice_4,microUS_36_st_slice_4,,
microUS_36_img_slice_40,microUS_36_gt_slice_40,microUS_36_st_slice_40,,
microUS_36_img_slice_41,microUS_36_gt_slice_41,microUS_36_st_slice_41,,
microUS_36_img_slice_42,microUS_36_gt_slice_42,microUS_36_st_slice_42,,
microUS_36_img_slice_43,microUS_36_gt_slice_43,microUS_36_st_slice_43,,
microUS_36_img_slice_44,microUS_36_gt_slice_44,microUS_36_st_slice_44,,
microUS_36_img_slice_5,microUS_36_gt_slice_5,microUS_36_st_slice_5,,
microUS_36_img_slice_6,microUS_36_gt_slice_6,microUS_36_st_slice_6,,
microUS_36_img_slice_7,microUS_36_gt_slice_7,microUS_36_st_slice_7,,
microUS_36_img_slice_8,microUS_36_gt_slice_8,microUS_36_st_slice_8,,
microUS_36_img_slice_9,microUS_36_gt_slice_9,microUS_36_st_slice_9,,
microUS_37_img_slice_0,microUS_37_gt_slice_0,microUS_37_st_slice_0,,
microUS_37_img_slice_1,microUS_37_gt_slice_1,microUS_37_st_slice_1,,
microUS_37_img_slice_10,microUS_37_gt_slice_10,microUS_37_st_slice_10,,
microUS_37_img_slice_11,microUS_37_gt_slice_11,microUS_37_st_slice_11,,
microUS_37_img_slice_12,microUS_37_gt_slice_12,microUS_37_st_slice_12,,
microUS_37_img_slice_13,microUS_37_gt_slice_13,microUS_37_st_slice_13,,
microUS_37_img_slice_14,microUS_37_gt_slice_14,microUS_37_st_slice_14,,
microUS_37_img_slice_15,microUS_37_gt_slice_15,microUS_37_st_slice_15,,
microUS_37_img_slice_16,microUS_37_gt_slice_16,microUS_37_st_slice_16,,
microUS_37_img_slice_17,microUS_37_gt_slice_17,microUS_37_st_slice_17,,
microUS_37_img_slice_18,microUS_37_gt_slice_18,microUS_37_st_slice_18,,
microUS_37_img_slice_19,microUS_37_gt_slice_19,microUS_37_st_slice_19,,
microUS_37_img_slice_2,microUS_37_gt_slice_2,microUS_37_st_slice_2,,
microUS_37_img_slice_20,microUS_37_gt_slice_20,microUS_37_st_slice_20,,
microUS_37_img_slice_21,microUS_37_gt_slice_21,microUS_37_st_slice_21,,
microUS_37_img_slice_22,microUS_37_gt_slice_22,microUS_37_st_slice_22,,
microUS_37_img_slice_23,microUS_37_gt_slice_23,microUS_37_st_slice_23,,
microUS_37_img_slice_24,microUS_37_gt_slice_24,microUS_37_st_slice_24,,
microUS_37_img_slice_25,microUS_37_gt_slice_25,microUS_37_st_slice_25,,
microUS_37_img_slice_26,microUS_37_gt_slice_26,microUS_37_st_slice_26,,
microUS_37_img_slice_27,microUS_37_gt_slice_27,microUS_37_st_slice_27,,
microUS_37_img_slice_28,microUS_37_gt_slice_28,microUS_37_st_slice_28,,
microUS_37_img_slice_29,microUS_37_gt_slice_29,microUS_37_st_slice_29,,
microUS_37_img_slice_3,microUS_37_gt_slice_3,microUS_37_st_slice_3,,
microUS_37_img_slice_30,microUS_37_gt_slice_30,microUS_37_st_slice_30,,
microUS_37_img_slice_31,microUS_37_gt_slice_31,microUS_37_st_slice_31,,
microUS_37_img_slice_32,microUS_37_gt_slice_32,microUS_37_st_slice_32,,
microUS_37_img_slice_33,microUS_37_gt_slice_33,microUS_37_st_slice_33,,
microUS_37_img_slice_34,microUS_37_gt_slice_34,microUS_37_st_slice_34,,
microUS_37_img_slice_35,microUS_37_gt_slice_35,microUS_37_st_slice_35,,
microUS_37_img_slice_36,microUS_37_gt_slice_36,microUS_37_st_slice_36,,
microUS_37_img_slice_37,microUS_37_gt_slice_37,microUS_37_st_slice_37,,
microUS_37_img_slice_38,microUS_37_gt_slice_38,microUS_37_st_slice_38,,
microUS_37_img_slice_4,microUS_37_gt_slice_4,microUS_37_st_slice_4,,
microUS_37_img_slice_5,microUS_37_gt_slice_5,microUS_37_st_slice_5,,
microUS_37_img_slice_6,microUS_37_gt_slice_6,microUS_37_st_slice_6,,
microUS_37_img_slice_7,microUS_37_gt_slice_7,microUS_37_st_slice_7,,
microUS_37_img_slice_8,microUS_37_gt_slice_8,microUS_37_st_slice_8,,
microUS_37_img_slice_9,microUS_37_gt_slice_9,microUS_37_st_slice_9,,
microUS_38_img_slice_0,microUS_38_gt_slice_0,microUS_38_st_slice_0,,
microUS_38_img_slice_1,microUS_38_gt_slice_1,microUS_38_st_slice_1,,
microUS_38_img_slice_10,microUS_38_gt_slice_10,microUS_38_st_slice_10,,
microUS_38_img_slice_11,microUS_38_gt_slice_11,microUS_38_st_slice_11,,
microUS_38_img_slice_12,microUS_38_gt_slice_12,microUS_38_st_slice_12,,
microUS_38_img_slice_13,microUS_38_gt_slice_13,microUS_38_st_slice_13,,
microUS_38_img_slice_14,microUS_38_gt_slice_14,microUS_38_st_slice_14,,
microUS_38_img_slice_15,microUS_38_gt_slice_15,microUS_38_st_slice_15,,
microUS_38_img_slice_16,microUS_38_gt_slice_16,microUS_38_st_slice_16,,
microUS_38_img_slice_17,microUS_38_gt_slice_17,microUS_38_st_slice_17,,
microUS_38_img_slice_18,microUS_38_gt_slice_18,microUS_38_st_slice_18,,
microUS_38_img_slice_19,microUS_38_gt_slice_19,microUS_38_st_slice_19,,
microUS_38_img_slice_2,microUS_38_gt_slice_2,microUS_38_st_slice_2,,
microUS_38_img_slice_20,microUS_38_gt_slice_20,microUS_38_st_slice_20,,
microUS_38_img_slice_21,microUS_38_gt_slice_21,microUS_38_st_slice_21,,
microUS_38_img_slice_22,microUS_38_gt_slice_22,microUS_38_st_slice_22,,
microUS_38_img_slice_23,microUS_38_gt_slice_23,microUS_38_st_slice_23,,
microUS_38_img_slice_24,microUS_38_gt_slice_24,microUS_38_st_slice_24,,
microUS_38_img_slice_25,microUS_38_gt_slice_25,microUS_38_st_slice_25,,
microUS_38_img_slice_26,microUS_38_gt_slice_26,microUS_38_st_slice_26,,
microUS_38_img_slice_27,microUS_38_gt_slice_27,microUS_38_st_slice_27,,
microUS_38_img_slice_28,microUS_38_gt_slice_28,microUS_38_st_slice_28,,
microUS_38_img_slice_29,microUS_38_gt_slice_29,microUS_38_st_slice_29,,
microUS_38_img_slice_3,microUS_38_gt_slice_3,microUS_38_st_slice_3,,
microUS_38_img_slice_30,microUS_38_gt_slice_30,microUS_38_st_slice_30,,
microUS_38_img_slice_31,microUS_38_gt_slice_31,microUS_38_st_slice_31,,
microUS_38_img_slice_32,microUS_38_gt_slice_32,microUS_38_st_slice_32,,
microUS_38_img_slice_33,microUS_38_gt_slice_33,microUS_38_st_slice_33,,
microUS_38_img_slice_34,microUS_38_gt_slice_34,microUS_38_st_slice_34,,
microUS_38_img_slice_35,microUS_38_gt_slice_35,microUS_38_st_slice_35,,
microUS_38_img_slice_36,microUS_38_gt_slice_36,microUS_38_st_slice_36,,
microUS_38_img_slice_37,microUS_38_gt_slice_37,microUS_38_st_slice_37,,
microUS_38_img_slice_38,microUS_38_gt_slice_38,microUS_38_st_slice_38,,
microUS_38_img_slice_39,microUS_38_gt_slice_39,microUS_38_st_slice_39,,
microUS_38_img_slice_4,microUS_38_gt_slice_4,microUS_38_st_slice_4,,
microUS_38_img_slice_40,microUS_38_gt_slice_40,microUS_38_st_slice_40,,
microUS_38_img_slice_41,microUS_38_gt_slice_41,microUS_38_st_slice_41,,
microUS_38_img_slice_42,microUS_38_gt_slice_42,microUS_38_st_slice_42,,
microUS_38_img_slice_43,microUS_38_gt_slice_43,microUS_38_st_slice_43,,
microUS_38_img_slice_44,microUS_38_gt_slice_44,microUS_38_st_slice_44,,
microUS_38_img_slice_5,microUS_38_gt_slice_5,microUS_38_st_slice_5,,
microUS_38_img_slice_6,microUS_38_gt_slice_6,microUS_38_st_slice_6,,
microUS_38_img_slice_7,microUS_38_gt_slice_7,microUS_38_st_slice_7,,
microUS_38_img_slice_8,microUS_38_gt_slice_8,microUS_38_st_slice_8,,
microUS_38_img_slice_9,microUS_38_gt_slice_9,microUS_38_st_slice_9,,
microUS_39_img_slice_0,microUS_39_gt_slice_0,microUS_39_st_slice_0,,
microUS_39_img_slice_1,microUS_39_gt_slice_1,microUS_39_st_slice_1,,
microUS_39_img_slice_10,microUS_39_gt_slice_10,microUS_39_st_slice_10,,
microUS_39_img_slice_11,microUS_39_gt_slice_11,microUS_39_st_slice_11,,
microUS_39_img_slice_12,microUS_39_gt_slice_12,microUS_39_st_slice_12,,
microUS_39_img_slice_13,microUS_39_gt_slice_13,microUS_39_st_slice_13,,
microUS_39_img_slice_14,microUS_39_gt_slice_14,microUS_39_st_slice_14,,
microUS_39_img_slice_15,microUS_39_gt_slice_15,microUS_39_st_slice_15,,
microUS_39_img_slice_16,microUS_39_gt_slice_16,microUS_39_st_slice_16,,
microUS_39_img_slice_17,microUS_39_gt_slice_17,microUS_39_st_slice_17,,
microUS_39_img_slice_18,microUS_39_gt_slice_18,microUS_39_st_slice_18,,
microUS_39_img_slice_19,microUS_39_gt_slice_19,microUS_39_st_slice_19,,
microUS_39_img_slice_2,microUS_39_gt_slice_2,microUS_39_st_slice_2,,
microUS_39_img_slice_20,microUS_39_gt_slice_20,microUS_39_st_slice_20,,
microUS_39_img_slice_21,microUS_39_gt_slice_21,microUS_39_st_slice_21,,
microUS_39_img_slice_22,microUS_39_gt_slice_22,microUS_39_st_slice_22,,
microUS_39_img_slice_23,microUS_39_gt_slice_23,microUS_39_st_slice_23,,
microUS_39_img_slice_24,microUS_39_gt_slice_24,microUS_39_st_slice_24,,
microUS_39_img_slice_25,microUS_39_gt_slice_25,microUS_39_st_slice_25,,
microUS_39_img_slice_26,microUS_39_gt_slice_26,microUS_39_st_slice_26,,
microUS_39_img_slice_27,microUS_39_gt_slice_27,microUS_39_st_slice_27,,
microUS_39_img_slice_28,microUS_39_gt_slice_28,microUS_39_st_slice_28,,
microUS_39_img_slice_29,microUS_39_gt_slice_29,microUS_39_st_slice_29,,
microUS_39_img_slice_3,microUS_39_gt_slice_3,microUS_39_st_slice_3,,
microUS_39_img_slice_30,microUS_39_gt_slice_30,microUS_39_st_slice_30,,
microUS_39_img_slice_31,microUS_39_gt_slice_31,microUS_39_st_slice_31,,
microUS_39_img_slice_32,microUS_39_gt_slice_32,microUS_39_st_slice_32,,
microUS_39_img_slice_33,microUS_39_gt_slice_33,microUS_39_st_slice_33,,
microUS_39_img_slice_34,microUS_39_gt_slice_34,microUS_39_st_slice_34,,
microUS_39_img_slice_35,microUS_39_gt_slice_35,microUS_39_st_slice_35,,
microUS_39_img_slice_36,microUS_39_gt_slice_36,microUS_39_st_slice_36,,
microUS_39_img_slice_37,microUS_39_gt_slice_37,microUS_39_st_slice_37,,
microUS_39_img_slice_38,microUS_39_gt_slice_38,microUS_39_st_slice_38,,
microUS_39_img_slice_39,microUS_39_gt_slice_39,microUS_39_st_slice_39,,
microUS_39_img_slice_4,microUS_39_gt_slice_4,microUS_39_st_slice_4,,
microUS_39_img_slice_40,microUS_39_gt_slice_40,microUS_39_st_slice_40,,
microUS_39_img_slice_41,microUS_39_gt_slice_41,microUS_39_st_slice_41,,
microUS_39_img_slice_42,microUS_39_gt_slice_42,microUS_39_st_slice_42,,
microUS_39_img_slice_43,microUS_39_gt_slice_43,microUS_39_st_slice_43,,
microUS_39_img_slice_44,microUS_39_gt_slice_44,microUS_39_st_slice_44,,
microUS_39_img_slice_5,microUS_39_gt_slice_5,microUS_39_st_slice_5,,
microUS_39_img_slice_6,microUS_39_gt_slice_6,microUS_39_st_slice_6,,
microUS_39_img_slice_7,microUS_39_gt_slice_7,microUS_39_st_slice_7,,
microUS_39_img_slice_8,microUS_39_gt_slice_8,microUS_39_st_slice_8,,
microUS_39_img_slice_9,microUS_39_gt_slice_9,microUS_39_st_slice_9,,
microUS_40_img_slice_0,microUS_40_gt_slice_0,microUS_40_st_slice_0,,
microUS_40_img_slice_1,microUS_40_gt_slice_1,microUS_40_st_slice_1,,
microUS_40_img_slice_10,microUS_40_gt_slice_10,microUS_40_st_slice_10,,
microUS_40_img_slice_11,microUS_40_gt_slice_11,microUS_40_st_slice_11,,
microUS_40_img_slice_12,microUS_40_gt_slice_12,microUS_40_st_slice_12,,
microUS_40_img_slice_13,microUS_40_gt_slice_13,microUS_40_st_slice_13,,
microUS_40_img_slice_14,microUS_40_gt_slice_14,microUS_40_st_slice_14,,
microUS_40_img_slice_15,microUS_40_gt_slice_15,microUS_40_st_slice_15,,
microUS_40_img_slice_16,microUS_40_gt_slice_16,microUS_40_st_slice_16,,
microUS_40_img_slice_17,microUS_40_gt_slice_17,microUS_40_st_slice_17,,
microUS_40_img_slice_18,microUS_40_gt_slice_18,microUS_40_st_slice_18,,
microUS_40_img_slice_19,microUS_40_gt_slice_19,microUS_40_st_slice_19,,
microUS_40_img_slice_2,microUS_40_gt_slice_2,microUS_40_st_slice_2,,
microUS_40_img_slice_20,microUS_40_gt_slice_20,microUS_40_st_slice_20,,
microUS_40_img_slice_21,microUS_40_gt_slice_21,microUS_40_st_slice_21,,
microUS_40_img_slice_22,microUS_40_gt_slice_22,microUS_40_st_slice_22,,
microUS_40_img_slice_23,microUS_40_gt_slice_23,microUS_40_st_slice_23,,
microUS_40_img_slice_24,microUS_40_gt_slice_24,microUS_40_st_slice_24,,
microUS_40_img_slice_25,microUS_40_gt_slice_25,microUS_40_st_slice_25,,
microUS_40_img_slice_26,microUS_40_gt_slice_26,microUS_40_st_slice_26,,
microUS_40_img_slice_27,microUS_40_gt_slice_27,microUS_40_st_slice_27,,
microUS_40_img_slice_28,microUS_40_gt_slice_28,microUS_40_st_slice_28,,
microUS_40_img_slice_29,microUS_40_gt_slice_29,microUS_40_st_slice_29,,
microUS_40_img_slice_3,microUS_40_gt_slice_3,microUS_40_st_slice_3,,
microUS_40_img_slice_30,microUS_40_gt_slice_30,microUS_40_st_slice_30,,
microUS_40_img_slice_31,microUS_40_gt_slice_31,microUS_40_st_slice_31,,
microUS_40_img_slice_32,microUS_40_gt_slice_32,microUS_40_st_slice_32,,
microUS_40_img_slice_33,microUS_40_gt_slice_33,microUS_40_st_slice_33,,
microUS_40_img_slice_34,microUS_40_gt_slice_34,microUS_40_st_slice_34,,
microUS_40_img_slice_35,microUS_40_gt_slice_35,microUS_40_st_slice_35,,
microUS_40_img_slice_36,microUS_40_gt_slice_36,microUS_40_st_slice_36,,
microUS_40_img_slice_37,microUS_40_gt_slice_37,microUS_40_st_slice_37,,
microUS_40_img_slice_4,microUS_40_gt_slice_4,microUS_40_st_slice_4,,
microUS_40_img_slice_5,microUS_40_gt_slice_5,microUS_40_st_slice_5,,
microUS_40_img_slice_6,microUS_40_gt_slice_6,microUS_40_st_slice_6,,
microUS_40_img_slice_7,microUS_40_gt_slice_7,microUS_40_st_slice_7,,
microUS_40_img_slice_8,microUS_40_gt_slice_8,microUS_40_st_slice_8,,
microUS_40_img_slice_9,microUS_40_gt_slice_9,microUS_40_st_slice_9,,
microUS_41_img_slice_0,microUS_41_gt_slice_0,microUS_41_st_slice_0,,
microUS_41_img_slice_1,microUS_41_gt_slice_1,microUS_41_st_slice_1,,
microUS_41_img_slice_10,microUS_41_gt_slice_10,microUS_41_st_slice_10,,
microUS_41_img_slice_11,microUS_41_gt_slice_11,microUS_41_st_slice_11,,
microUS_41_img_slice_12,microUS_41_gt_slice_12,microUS_41_st_slice_12,,
microUS_41_img_slice_13,microUS_41_gt_slice_13,microUS_41_st_slice_13,,
microUS_41_img_slice_14,microUS_41_gt_slice_14,microUS_41_st_slice_14,,
microUS_41_img_slice_15,microUS_41_gt_slice_15,microUS_41_st_slice_15,,
microUS_41_img_slice_16,microUS_41_gt_slice_16,microUS_41_st_slice_16,,
microUS_41_img_slice_17,microUS_41_gt_slice_17,microUS_41_st_slice_17,,
microUS_41_img_slice_18,microUS_41_gt_slice_18,microUS_41_st_slice_18,,
microUS_41_img_slice_19,microUS_41_gt_slice_19,microUS_41_st_slice_19,,
microUS_41_img_slice_2,microUS_41_gt_slice_2,microUS_41_st_slice_2,,
microUS_41_img_slice_20,microUS_41_gt_slice_20,microUS_41_st_slice_20,,
microUS_41_img_slice_21,microUS_41_gt_slice_21,microUS_41_st_slice_21,,
microUS_41_img_slice_22,microUS_41_gt_slice_22,microUS_41_st_slice_22,,
microUS_41_img_slice_23,microUS_41_gt_slice_23,microUS_41_st_slice_23,,
microUS_41_img_slice_24,microUS_41_gt_slice_24,microUS_41_st_slice_24,,
microUS_41_img_slice_25,microUS_41_gt_slice_25,microUS_41_st_slice_25,,
microUS_41_img_slice_26,microUS_41_gt_slice_26,microUS_41_st_slice_26,,
microUS_41_img_slice_27,microUS_41_gt_slice_27,microUS_41_st_slice_27,,
microUS_41_img_slice_28,microUS_41_gt_slice_28,microUS_41_st_slice_28,,
microUS_41_img_slice_29,microUS_41_gt_slice_29,microUS_41_st_slice_29,,
microUS_41_img_slice_3,microUS_41_gt_slice_3,microUS_41_st_slice_3,,
microUS_41_img_slice_30,microUS_41_gt_slice_30,microUS_41_st_slice_30,,
microUS_41_img_slice_31,microUS_41_gt_slice_31,microUS_41_st_slice_31,,
microUS_41_img_slice_32,microUS_41_gt_slice_32,microUS_41_st_slice_32,,
microUS_41_img_slice_33,microUS_41_gt_slice_33,microUS_41_st_slice_33,,
microUS_41_img_slice_34,microUS_41_gt_slice_34,microUS_41_st_slice_34,,
microUS_41_img_slice_35,microUS_41_gt_slice_35,microUS_41_st_slice_35,,
microUS_41_img_slice_36,microUS_41_gt_slice_36,microUS_41_st_slice_36,,
microUS_41_img_slice_37,microUS_41_gt_slice_37,microUS_41_st_slice_37,,
microUS_41_img_slice_38,microUS_41_gt_slice_38,microUS_41_st_slice_38,,
microUS_41_img_slice_39,microUS_41_gt_slice_39,microUS_41_st_slice_39,,
microUS_41_img_slice_4,microUS_41_gt_slice_4,microUS_41_st_slice_4,,
microUS_41_img_slice_40,microUS_41_gt_slice_40,microUS_41_st_slice_40,,
microUS_41_img_slice_41,microUS_41_gt_slice_41,microUS_41_st_slice_41,,
microUS_41_img_slice_42,microUS_41_gt_slice_42,microUS_41_st_slice_42,,
microUS_41_img_slice_43,microUS_41_gt_slice_43,microUS_41_st_slice_43,,
microUS_41_img_slice_44,microUS_41_gt_slice_44,microUS_41_st_slice_44,,
microUS_41_img_slice_5,microUS_41_gt_slice_5,microUS_41_st_slice_5,,
microUS_41_img_slice_6,microUS_41_gt_slice_6,microUS_41_st_slice_6,,
microUS_41_img_slice_7,microUS_41_gt_slice_7,microUS_41_st_slice_7,,
microUS_41_img_slice_8,microUS_41_gt_slice_8,microUS_41_st_slice_8,,
microUS_41_img_slice_9,microUS_41_gt_slice_9,microUS_41_st_slice_9,,
microUS_42_img_slice_0,microUS_42_gt_slice_0,microUS_42_st_slice_0,,
microUS_42_img_slice_1,microUS_42_gt_slice_1,microUS_42_st_slice_1,,
microUS_42_img_slice_10,microUS_42_gt_slice_10,microUS_42_st_slice_10,,
microUS_42_img_slice_11,microUS_42_gt_slice_11,microUS_42_st_slice_11,,
microUS_42_img_slice_12,microUS_42_gt_slice_12,microUS_42_st_slice_12,,
microUS_42_img_slice_13,microUS_42_gt_slice_13,microUS_42_st_slice_13,,
microUS_42_img_slice_14,microUS_42_gt_slice_14,microUS_42_st_slice_14,,
microUS_42_img_slice_15,microUS_42_gt_slice_15,microUS_42_st_slice_15,,
microUS_42_img_slice_16,microUS_42_gt_slice_16,microUS_42_st_slice_16,,
microUS_42_img_slice_17,microUS_42_gt_slice_17,microUS_42_st_slice_17,,
microUS_42_img_slice_18,microUS_42_gt_slice_18,microUS_42_st_slice_18,,
microUS_42_img_slice_19,microUS_42_gt_slice_19,microUS_42_st_slice_19,,
microUS_42_img_slice_2,microUS_42_gt_slice_2,microUS_42_st_slice_2,,
microUS_42_img_slice_20,microUS_42_gt_slice_20,microUS_42_st_slice_20,,
microUS_42_img_slice_21,microUS_42_gt_slice_21,microUS_42_st_slice_21,,
microUS_42_img_slice_22,microUS_42_gt_slice_22,microUS_42_st_slice_22,,
microUS_42_img_slice_23,microUS_42_gt_slice_23,microUS_42_st_slice_23,,
microUS_42_img_slice_24,microUS_42_gt_slice_24,microUS_42_st_slice_24,,
microUS_42_img_slice_25,microUS_42_gt_slice_25,microUS_42_st_slice_25,,
microUS_42_img_slice_26,microUS_42_gt_slice_26,microUS_42_st_slice_26,,
microUS_42_img_slice_27,microUS_42_gt_slice_27,microUS_42_st_slice_27,,
microUS_42_img_slice_28,microUS_42_gt_slice_28,microUS_42_st_slice_28,,
microUS_42_img_slice_29,microUS_42_gt_slice_29,microUS_42_st_slice_29,,
microUS_42_img_slice_3,microUS_42_gt_slice_3,microUS_42_st_slice_3,,
microUS_42_img_slice_30,microUS_42_gt_slice_30,microUS_42_st_slice_30,,
microUS_42_img_slice_31,microUS_42_gt_slice_31,microUS_42_st_slice_31,,
microUS_42_img_slice_32,microUS_42_gt_slice_32,microUS_42_st_slice_32,,
microUS_42_img_slice_33,microUS_42_gt_slice_33,microUS_42_st_slice_33,,
microUS_42_img_slice_34,microUS_42_gt_slice_34,microUS_42_st_slice_34,,
microUS_42_img_slice_35,microUS_42_gt_slice_35,microUS_42_st_slice_35,,
microUS_42_img_slice_36,microUS_42_gt_slice_36,microUS_42_st_slice_36,,
microUS_42_img_slice_37,microUS_42_gt_slice_37,microUS_42_st_slice_37,,
microUS_42_img_slice_38,microUS_42_gt_slice_38,microUS_42_st_slice_38,,
microUS_42_img_slice_39,microUS_42_gt_slice_39,microUS_42_st_slice_39,,
microUS_42_img_slice_4,microUS_42_gt_slice_4,microUS_42_st_slice_4,,
microUS_42_img_slice_40,microUS_42_gt_slice_40,microUS_42_st_slice_40,,
microUS_42_img_slice_41,microUS_42_gt_slice_41,microUS_42_st_slice_41,,
microUS_42_img_slice_42,microUS_42_gt_slice_42,microUS_42_st_slice_42,,
microUS_42_img_slice_43,microUS_42_gt_slice_43,microUS_42_st_slice_43,,
microUS_42_img_slice_44,microUS_42_gt_slice_44,microUS_42_st_slice_44,,
microUS_42_img_slice_5,microUS_42_gt_slice_5,microUS_42_st_slice_5,,
microUS_42_img_slice_6,microUS_42_gt_slice_6,microUS_42_st_slice_6,,
microUS_42_img_slice_7,microUS_42_gt_slice_7,microUS_42_st_slice_7,,
microUS_42_img_slice_8,microUS_42_gt_slice_8,microUS_42_st_slice_8,,
microUS_42_img_slice_9,microUS_42_gt_slice_9,microUS_42_st_slice_9,,
microUS_43_img_slice_0,microUS_43_gt_slice_0,microUS_43_st_slice_0,,
microUS_43_img_slice_1,microUS_43_gt_slice_1,microUS_43_st_slice_1,,
microUS_43_img_slice_10,microUS_43_gt_slice_10,microUS_43_st_slice_10,,
microUS_43_img_slice_11,microUS_43_gt_slice_11,microUS_43_st_slice_11,,
microUS_43_img_slice_12,microUS_43_gt_slice_12,microUS_43_st_slice_12,,
microUS_43_img_slice_13,microUS_43_gt_slice_13,microUS_43_st_slice_13,,
microUS_43_img_slice_14,microUS_43_gt_slice_14,microUS_43_st_slice_14,,
microUS_43_img_slice_15,microUS_43_gt_slice_15,microUS_43_st_slice_15,,
microUS_43_img_slice_16,microUS_43_gt_slice_16,microUS_43_st_slice_16,,
microUS_43_img_slice_17,microUS_43_gt_slice_17,microUS_43_st_slice_17,,
microUS_43_img_slice_18,microUS_43_gt_slice_18,microUS_43_st_slice_18,,
microUS_43_img_slice_19,microUS_43_gt_slice_19,microUS_43_st_slice_19,,
microUS_43_img_slice_2,microUS_43_gt_slice_2,microUS_43_st_slice_2,,
microUS_43_img_slice_20,microUS_43_gt_slice_20,microUS_43_st_slice_20,,
microUS_43_img_slice_21,microUS_43_gt_slice_21,microUS_43_st_slice_21,,
microUS_43_img_slice_22,microUS_43_gt_slice_22,microUS_43_st_slice_22,,
microUS_43_img_slice_23,microUS_43_gt_slice_23,microUS_43_st_slice_23,,
microUS_43_img_slice_24,microUS_43_gt_slice_24,microUS_43_st_slice_24,,
microUS_43_img_slice_25,microUS_43_gt_slice_25,microUS_43_st_slice_25,,
microUS_43_img_slice_26,microUS_43_gt_slice_26,microUS_43_st_slice_26,,
microUS_43_img_slice_27,microUS_43_gt_slice_27,microUS_43_st_slice_27,,
microUS_43_img_slice_28,microUS_43_gt_slice_28,microUS_43_st_slice_28,,
microUS_43_img_slice_29,microUS_43_gt_slice_29,microUS_43_st_slice_29,,
microUS_43_img_slice_3,microUS_43_gt_slice_3,microUS_43_st_slice_3,,
microUS_43_img_slice_30,microUS_43_gt_slice_30,microUS_43_st_slice_30,,
microUS_43_img_slice_31,microUS_43_gt_slice_31,microUS_43_st_slice_31,,
microUS_43_img_slice_32,microUS_43_gt_slice_32,microUS_43_st_slice_32,,
microUS_43_img_slice_33,microUS_43_gt_slice_33,microUS_43_st_slice_33,,
microUS_43_img_slice_34,microUS_43_gt_slice_34,microUS_43_st_slice_34,,
microUS_43_img_slice_35,microUS_43_gt_slice_35,microUS_43_st_slice_35,,
microUS_43_img_slice_36,microUS_43_gt_slice_36,microUS_43_st_slice_36,,
microUS_43_img_slice_37,microUS_43_gt_slice_37,microUS_43_st_slice_37,,
microUS_43_img_slice_38,microUS_43_gt_slice_38,microUS_43_st_slice_38,,
microUS_43_img_slice_39,microUS_43_gt_slice_39,microUS_43_st_slice_39,,
microUS_43_img_slice_4,microUS_43_gt_slice_4,microUS_43_st_slice_4,,
microUS_43_img_slice_40,microUS_43_gt_slice_40,microUS_43_st_slice_40,,
microUS_43_img_slice_41,microUS_43_gt_slice_41,microUS_43_st_slice_41,,
microUS_43_img_slice_42,microUS_43_gt_slice_42,microUS_43_st_slice_42,,
microUS_43_img_slice_43,microUS_43_gt_slice_43,microUS_43_st_slice_43,,
microUS_43_img_slice_44,microUS_43_gt_slice_44,microUS_43_st_slice_44,,
microUS_43_img_slice_5,microUS_43_gt_slice_5,microUS_43_st_slice_5,,
microUS_43_img_slice_6,microUS_43_gt_slice_6,microUS_43_st_slice_6,,
microUS_43_img_slice_7,microUS_43_gt_slice_7,microUS_43_st_slice_7,,
microUS_43_img_slice_8,microUS_43_gt_slice_8,microUS_43_st_slice_8,,
microUS_43_img_slice_9,microUS_43_gt_slice_9,microUS_43_st_slice_9,,
microUS_44_img_slice_0,microUS_44_gt_slice_0,microUS_44_st_slice_0,,
microUS_44_img_slice_1,microUS_44_gt_slice_1,microUS_44_st_slice_1,,
microUS_44_img_slice_10,microUS_44_gt_slice_10,microUS_44_st_slice_10,,
microUS_44_img_slice_11,microUS_44_gt_slice_11,microUS_44_st_slice_11,,
microUS_44_img_slice_12,microUS_44_gt_slice_12,microUS_44_st_slice_12,,
microUS_44_img_slice_13,microUS_44_gt_slice_13,microUS_44_st_slice_13,,
microUS_44_img_slice_14,microUS_44_gt_slice_14,microUS_44_st_slice_14,,
microUS_44_img_slice_15,microUS_44_gt_slice_15,microUS_44_st_slice_15,,
microUS_44_img_slice_16,microUS_44_gt_slice_16,microUS_44_st_slice_16,,
microUS_44_img_slice_17,microUS_44_gt_slice_17,microUS_44_st_slice_17,,
microUS_44_img_slice_18,microUS_44_gt_slice_18,microUS_44_st_slice_18,,
microUS_44_img_slice_19,microUS_44_gt_slice_19,microUS_44_st_slice_19,,
microUS_44_img_slice_2,microUS_44_gt_slice_2,microUS_44_st_slice_2,,
microUS_44_img_slice_20,microUS_44_gt_slice_20,microUS_44_st_slice_20,,
microUS_44_img_slice_21,microUS_44_gt_slice_21,microUS_44_st_slice_21,,
microUS_44_img_slice_22,microUS_44_gt_slice_22,microUS_44_st_slice_22,,
microUS_44_img_slice_23,microUS_44_gt_slice_23,microUS_44_st_slice_23,,
microUS_44_img_slice_24,microUS_44_gt_slice_24,microUS_44_st_slice_24,,
microUS_44_img_slice_25,microUS_44_gt_slice_25,microUS_44_st_slice_25,,
microUS_44_img_slice_26,microUS_44_gt_slice_26,microUS_44_st_slice_26,,
microUS_44_img_slice_27,microUS_44_gt_slice_27,microUS_44_st_slice_27,,
microUS_44_img_slice_28,microUS_44_gt_slice_28,microUS_44_st_slice_28,,
microUS_44_img_slice_29,microUS_44_gt_slice_29,microUS_44_st_slice_29,,
microUS_44_img_slice_3,microUS_44_gt_slice_3,microUS_44_st_slice_3,,
microUS_44_img_slice_30,microUS_44_gt_slice_30,microUS_44_st_slice_30,,
microUS_44_img_slice_31,microUS_44_gt_slice_31,microUS_44_st_slice_31,,
microUS_44_img_slice_32,microUS_44_gt_slice_32,microUS_44_st_slice_32,,
microUS_44_img_slice_33,microUS_44_gt_slice_33,microUS_44_st_slice_33,,
microUS_44_img_slice_34,microUS_44_gt_slice_34,microUS_44_st_slice_34,,
microUS_44_img_slice_35,microUS_44_gt_slice_35,microUS_44_st_slice_35,,
microUS_44_img_slice_36,microUS_44_gt_slice_36,microUS_44_st_slice_36,,
microUS_44_img_slice_37,microUS_44_gt_slice_37,microUS_44_st_slice_37,,
microUS_44_img_slice_38,microUS_44_gt_slice_38,microUS_44_st_slice_38,,
microUS_44_img_slice_39,microUS_44_gt_slice_39,microUS_44_st_slice_39,,
microUS_44_img_slice_4,microUS_44_gt_slice_4,microUS_44_st_slice_4,,
microUS_44_img_slice_40,microUS_44_gt_slice_40,microUS_44_st_slice_40,,
microUS_44_img_slice_41,microUS_44_gt_slice_41,microUS_44_st_slice_41,,
microUS_44_img_slice_42,microUS_44_gt_slice_42,microUS_44_st_slice_42,,
microUS_44_img_slice_43,microUS_44_gt_slice_43,microUS_44_st_slice_43,,
microUS_44_img_slice_44,microUS_44_gt_slice_44,microUS_44_st_slice_44,,
microUS_44_img_slice_5,microUS_44_gt_slice_5,microUS_44_st_slice_5,,
microUS_44_img_slice_6,microUS_44_gt_slice_6,microUS_44_st_slice_6,,
microUS_44_img_slice_7,microUS_44_gt_slice_7,microUS_44_st_slice_7,,
microUS_44_img_slice_8,microUS_44_gt_slice_8,microUS_44_st_slice_8,,
microUS_44_img_slice_9,microUS_44_gt_slice_9,microUS_44_st_slice_9,,
microUS_45_img_slice_0,microUS_45_gt_slice_0,microUS_45_st_slice_0,,
microUS_45_img_slice_1,microUS_45_gt_slice_1,microUS_45_st_slice_1,,
microUS_45_img_slice_10,microUS_45_gt_slice_10,microUS_45_st_slice_10,,
microUS_45_img_slice_11,microUS_45_gt_slice_11,microUS_45_st_slice_11,,
microUS_45_img_slice_12,microUS_45_gt_slice_12,microUS_45_st_slice_12,,
microUS_45_img_slice_13,microUS_45_gt_slice_13,microUS_45_st_slice_13,,
microUS_45_img_slice_14,microUS_45_gt_slice_14,microUS_45_st_slice_14,,
microUS_45_img_slice_15,microUS_45_gt_slice_15,microUS_45_st_slice_15,,
microUS_45_img_slice_16,microUS_45_gt_slice_16,microUS_45_st_slice_16,,
microUS_45_img_slice_17,microUS_45_gt_slice_17,microUS_45_st_slice_17,,
microUS_45_img_slice_18,microUS_45_gt_slice_18,microUS_45_st_slice_18,,
microUS_45_img_slice_19,microUS_45_gt_slice_19,microUS_45_st_slice_19,,
microUS_45_img_slice_2,microUS_45_gt_slice_2,microUS_45_st_slice_2,,
microUS_45_img_slice_20,microUS_45_gt_slice_20,microUS_45_st_slice_20,,
microUS_45_img_slice_21,microUS_45_gt_slice_21,microUS_45_st_slice_21,,
microUS_45_img_slice_22,microUS_45_gt_slice_22,microUS_45_st_slice_22,,
microUS_45_img_slice_23,microUS_45_gt_slice_23,microUS_45_st_slice_23,,
microUS_45_img_slice_24,microUS_45_gt_slice_24,microUS_45_st_slice_24,,
microUS_45_img_slice_25,microUS_45_gt_slice_25,microUS_45_st_slice_25,,
microUS_45_img_slice_26,microUS_45_gt_slice_26,microUS_45_st_slice_26,,
microUS_45_img_slice_27,microUS_45_gt_slice_27,microUS_45_st_slice_27,,
microUS_45_img_slice_28,microUS_45_gt_slice_28,microUS_45_st_slice_28,,
microUS_45_img_slice_29,microUS_45_gt_slice_29,microUS_45_st_slice_29,,
microUS_45_img_slice_3,microUS_45_gt_slice_3,microUS_45_st_slice_3,,
microUS_45_img_slice_30,microUS_45_gt_slice_30,microUS_45_st_slice_30,,
microUS_45_img_slice_31,microUS_45_gt_slice_31,microUS_45_st_slice_31,,
microUS_45_img_slice_32,microUS_45_gt_slice_32,microUS_45_st_slice_32,,
microUS_45_img_slice_33,microUS_45_gt_slice_33,microUS_45_st_slice_33,,
microUS_45_img_slice_34,microUS_45_gt_slice_34,microUS_45_st_slice_34,,
microUS_45_img_slice_35,microUS_45_gt_slice_35,microUS_45_st_slice_35,,
microUS_45_img_slice_36,microUS_45_gt_slice_36,microUS_45_st_slice_36,,
microUS_45_img_slice_37,microUS_45_gt_slice_37,microUS_45_st_slice_37,,
microUS_45_img_slice_38,microUS_45_gt_slice_38,microUS_45_st_slice_38,,
microUS_45_img_slice_39,microUS_45_gt_slice_39,microUS_45_st_slice_39,,
microUS_45_img_slice_4,microUS_45_gt_slice_4,microUS_45_st_slice_4,,
microUS_45_img_slice_40,microUS_45_gt_slice_40,microUS_45_st_slice_40,,
microUS_45_img_slice_41,microUS_45_gt_slice_41,microUS_45_st_slice_41,,
microUS_45_img_slice_42,microUS_45_gt_slice_42,microUS_45_st_slice_42,,
microUS_45_img_slice_43,microUS_45_gt_slice_43,microUS_45_st_slice_43,,
microUS_45_img_slice_44,microUS_45_gt_slice_44,microUS_45_st_slice_44,,
microUS_45_img_slice_5,microUS_45_gt_slice_5,microUS_45_st_slice_5,,
microUS_45_img_slice_6,microUS_45_gt_slice_6,microUS_45_st_slice_6,,
microUS_45_img_slice_7,microUS_45_gt_slice_7,microUS_45_st_slice_7,,
microUS_45_img_slice_8,microUS_45_gt_slice_8,microUS_45_st_slice_8,,
microUS_45_img_slice_9,microUS_45_gt_slice_9,microUS_45_st_slice_9,,
microUS_46_img_slice_0,microUS_46_gt_slice_0,microUS_46_st_slice_0,,
microUS_46_img_slice_1,microUS_46_gt_slice_1,microUS_46_st_slice_1,,
microUS_46_img_slice_10,microUS_46_gt_slice_10,microUS_46_st_slice_10,,
microUS_46_img_slice_11,microUS_46_gt_slice_11,microUS_46_st_slice_11,,
microUS_46_img_slice_12,microUS_46_gt_slice_12,microUS_46_st_slice_12,,
microUS_46_img_slice_13,microUS_46_gt_slice_13,microUS_46_st_slice_13,,
microUS_46_img_slice_14,microUS_46_gt_slice_14,microUS_46_st_slice_14,,
microUS_46_img_slice_15,microUS_46_gt_slice_15,microUS_46_st_slice_15,,
microUS_46_img_slice_16,microUS_46_gt_slice_16,microUS_46_st_slice_16,,
microUS_46_img_slice_17,microUS_46_gt_slice_17,microUS_46_st_slice_17,,
microUS_46_img_slice_18,microUS_46_gt_slice_18,microUS_46_st_slice_18,,
microUS_46_img_slice_19,microUS_46_gt_slice_19,microUS_46_st_slice_19,,
microUS_46_img_slice_2,microUS_46_gt_slice_2,microUS_46_st_slice_2,,
microUS_46_img_slice_20,microUS_46_gt_slice_20,microUS_46_st_slice_20,,
microUS_46_img_slice_21,microUS_46_gt_slice_21,microUS_46_st_slice_21,,
microUS_46_img_slice_22,microUS_46_gt_slice_22,microUS_46_st_slice_22,,
microUS_46_img_slice_23,microUS_46_gt_slice_23,microUS_46_st_slice_23,,
microUS_46_img_slice_24,microUS_46_gt_slice_24,microUS_46_st_slice_24,,
microUS_46_img_slice_25,microUS_46_gt_slice_25,microUS_46_st_slice_25,,
microUS_46_img_slice_26,microUS_46_gt_slice_26,microUS_46_st_slice_26,,
microUS_46_img_slice_27,microUS_46_gt_slice_27,microUS_46_st_slice_27,,
microUS_46_img_slice_28,microUS_46_gt_slice_28,microUS_46_st_slice_28,,
microUS_46_img_slice_29,microUS_46_gt_slice_29,microUS_46_st_slice_29,,
microUS_46_img_slice_3,microUS_46_gt_slice_3,microUS_46_st_slice_3,,
microUS_46_img_slice_30,microUS_46_gt_slice_30,microUS_46_st_slice_30,,
microUS_46_img_slice_31,microUS_46_gt_slice_31,microUS_46_st_slice_31,,
microUS_46_img_slice_32,microUS_46_gt_slice_32,microUS_46_st_slice_32,,
microUS_46_img_slice_33,microUS_46_gt_slice_33,microUS_46_st_slice_33,,
microUS_46_img_slice_34,microUS_46_gt_slice_34,microUS_46_st_slice_34,,
microUS_46_img_slice_35,microUS_46_gt_slice_35,microUS_46_st_slice_35,,
microUS_46_img_slice_36,microUS_46_gt_slice_36,microUS_46_st_slice_36,,
microUS_46_img_slice_37,microUS_46_gt_slice_37,microUS_46_st_slice_37,,
microUS_46_img_slice_38,microUS_46_gt_slice_38,microUS_46_st_slice_38,,
microUS_46_img_slice_4,microUS_46_gt_slice_4,microUS_46_st_slice_4,,
microUS_46_img_slice_5,microUS_46_gt_slice_5,microUS_46_st_slice_5,,
microUS_46_img_slice_6,microUS_46_gt_slice_6,microUS_46_st_slice_6,,
microUS_46_img_slice_7,microUS_46_gt_slice_7,microUS_46_st_slice_7,,
microUS_46_img_slice_8,microUS_46_gt_slice_8,microUS_46_st_slice_8,,
microUS_46_img_slice_9,microUS_46_gt_slice_9,microUS_46_st_slice_9,,
microUS_47_img_slice_0,microUS_47_gt_slice_0,microUS_47_st_slice_0,,
microUS_47_img_slice_1,microUS_47_gt_slice_1,microUS_47_st_slice_1,,
microUS_47_img_slice_10,microUS_47_gt_slice_10,microUS_47_st_slice_10,,
microUS_47_img_slice_11,microUS_47_gt_slice_11,microUS_47_st_slice_11,,
microUS_47_img_slice_12,microUS_47_gt_slice_12,microUS_47_st_slice_12,,
microUS_47_img_slice_13,microUS_47_gt_slice_13,microUS_47_st_slice_13,,
microUS_47_img_slice_14,microUS_47_gt_slice_14,microUS_47_st_slice_14,,
microUS_47_img_slice_15,microUS_47_gt_slice_15,microUS_47_st_slice_15,,
microUS_47_img_slice_16,microUS_47_gt_slice_16,microUS_47_st_slice_16,,
microUS_47_img_slice_17,microUS_47_gt_slice_17,microUS_47_st_slice_17,,
microUS_47_img_slice_18,microUS_47_gt_slice_18,microUS_47_st_slice_18,,
microUS_47_img_slice_19,microUS_47_gt_slice_19,microUS_47_st_slice_19,,
microUS_47_img_slice_2,microUS_47_gt_slice_2,microUS_47_st_slice_2,,
microUS_47_img_slice_20,microUS_47_gt_slice_20,microUS_47_st_slice_20,,
microUS_47_img_slice_21,microUS_47_gt_slice_21,microUS_47_st_slice_21,,
microUS_47_img_slice_22,microUS_47_gt_slice_22,microUS_47_st_slice_22,,
microUS_47_img_slice_23,microUS_47_gt_slice_23,microUS_47_st_slice_23,,
microUS_47_img_slice_24,microUS_47_gt_slice_24,microUS_47_st_slice_24,,
microUS_47_img_slice_25,microUS_47_gt_slice_25,microUS_47_st_slice_25,,
microUS_47_img_slice_26,microUS_47_gt_slice_26,microUS_47_st_slice_26,,
microUS_47_img_slice_27,microUS_47_gt_slice_27,microUS_47_st_slice_27,,
microUS_47_img_slice_28,microUS_47_gt_slice_28,microUS_47_st_slice_28,,
microUS_47_img_slice_29,microUS_47_gt_slice_29,microUS_47_st_slice_29,,
microUS_47_img_slice_3,microUS_47_gt_slice_3,microUS_47_st_slice_3,,
microUS_47_img_slice_30,microUS_47_gt_slice_30,microUS_47_st_slice_30,,
microUS_47_img_slice_31,microUS_47_gt_slice_31,microUS_47_st_slice_31,,
microUS_47_img_slice_32,microUS_47_gt_slice_32,microUS_47_st_slice_32,,
microUS_47_img_slice_33,microUS_47_gt_slice_33,microUS_47_st_slice_33,,
microUS_47_img_slice_34,microUS_47_gt_slice_34,microUS_47_st_slice_34,,
microUS_47_img_slice_35,microUS_47_gt_slice_35,microUS_47_st_slice_35,,
microUS_47_img_slice_36,microUS_47_gt_slice_36,microUS_47_st_slice_36,,
microUS_47_img_slice_37,microUS_47_gt_slice_37,microUS_47_st_slice_37,,
microUS_47_img_slice_38,microUS_47_gt_slice_38,microUS_47_st_slice_38,,
microUS_47_img_slice_39,microUS_47_gt_slice_39,microUS_47_st_slice_39,,
microUS_47_img_slice_4,microUS_47_gt_slice_4,microUS_47_st_slice_4,,
microUS_47_img_slice_40,microUS_47_gt_slice_40,microUS_47_st_slice_40,,
microUS_47_img_slice_41,microUS_47_gt_slice_41,microUS_47_st_slice_41,,
microUS_47_img_slice_5,microUS_47_gt_slice_5,microUS_47_st_slice_5,,
microUS_47_img_slice_6,microUS_47_gt_slice_6,microUS_47_st_slice_6,,
microUS_47_img_slice_7,microUS_47_gt_slice_7,microUS_47_st_slice_7,,
microUS_47_img_slice_8,microUS_47_gt_slice_8,microUS_47_st_slice_8,,
microUS_47_img_slice_9,microUS_47_gt_slice_9,microUS_47_st_slice_9,,
microUS_48_img_slice_0,microUS_48_gt_slice_0,microUS_48_st_slice_0,,
microUS_48_img_slice_1,microUS_48_gt_slice_1,microUS_48_st_slice_1,,
microUS_48_img_slice_10,microUS_48_gt_slice_10,microUS_48_st_slice_10,,
microUS_48_img_slice_11,microUS_48_gt_slice_11,microUS_48_st_slice_11,,
microUS_48_img_slice_12,microUS_48_gt_slice_12,microUS_48_st_slice_12,,
microUS_48_img_slice_13,microUS_48_gt_slice_13,microUS_48_st_slice_13,,
microUS_48_img_slice_14,microUS_48_gt_slice_14,microUS_48_st_slice_14,,
microUS_48_img_slice_15,microUS_48_gt_slice_15,microUS_48_st_slice_15,,
microUS_48_img_slice_16,microUS_48_gt_slice_16,microUS_48_st_slice_16,,
microUS_48_img_slice_17,microUS_48_gt_slice_17,microUS_48_st_slice_17,,
microUS_48_img_slice_18,microUS_48_gt_slice_18,microUS_48_st_slice_18,,
microUS_48_img_slice_19,microUS_48_gt_slice_19,microUS_48_st_slice_19,,
microUS_48_img_slice_2,microUS_48_gt_slice_2,microUS_48_st_slice_2,,
microUS_48_img_slice_20,microUS_48_gt_slice_20,microUS_48_st_slice_20,,
microUS_48_img_slice_21,microUS_48_gt_slice_21,microUS_48_st_slice_21,,
microUS_48_img_slice_22,microUS_48_gt_slice_22,microUS_48_st_slice_22,,
microUS_48_img_slice_23,microUS_48_gt_slice_23,microUS_48_st_slice_23,,
microUS_48_img_slice_24,microUS_48_gt_slice_24,microUS_48_st_slice_24,,
microUS_48_img_slice_25,microUS_48_gt_slice_25,microUS_48_st_slice_25,,
microUS_48_img_slice_26,microUS_48_gt_slice_26,microUS_48_st_slice_26,,
microUS_48_img_slice_27,microUS_48_gt_slice_27,microUS_48_st_slice_27,,
microUS_48_img_slice_28,microUS_48_gt_slice_28,microUS_48_st_slice_28,,
microUS_48_img_slice_29,microUS_48_gt_slice_29,microUS_48_st_slice_29,,
microUS_48_img_slice_3,microUS_48_gt_slice_3,microUS_48_st_slice_3,,
microUS_48_img_slice_30,microUS_48_gt_slice_30,microUS_48_st_slice_30,,
microUS_48_img_slice_31,microUS_48_gt_slice_31,microUS_48_st_slice_31,,
microUS_48_img_slice_32,microUS_48_gt_slice_32,microUS_48_st_slice_32,,
microUS_48_img_slice_33,microUS_48_gt_slice_33,microUS_48_st_slice_33,,
microUS_48_img_slice_34,microUS_48_gt_slice_34,microUS_48_st_slice_34,,
microUS_48_img_slice_35,microUS_48_gt_slice_35,microUS_48_st_slice_35,,
microUS_48_img_slice_36,microUS_48_gt_slice_36,microUS_48_st_slice_36,,
microUS_48_img_slice_37,microUS_48_gt_slice_37,microUS_48_st_slice_37,,
microUS_48_img_slice_38,microUS_48_gt_slice_38,microUS_48_st_slice_38,,
microUS_48_img_slice_39,microUS_48_gt_slice_39,microUS_48_st_slice_39,,
microUS_48_img_slice_4,microUS_48_gt_slice_4,microUS_48_st_slice_4,,
microUS_48_img_slice_5,microUS_48_gt_slice_5,microUS_48_st_slice_5,,
microUS_48_img_slice_6,microUS_48_gt_slice_6,microUS_48_st_slice_6,,
microUS_48_img_slice_7,microUS_48_gt_slice_7,microUS_48_st_slice_7,,
microUS_48_img_slice_8,microUS_48_gt_slice_8,microUS_48_st_slice_8,,
microUS_48_img_slice_9,microUS_48_gt_slice_9,microUS_48_st_slice_9,,
microUS_49_img_slice_0,microUS_49_gt_slice_0,microUS_49_st_slice_0,,
microUS_49_img_slice_1,microUS_49_gt_slice_1,microUS_49_st_slice_1,,
microUS_49_img_slice_10,microUS_49_gt_slice_10,microUS_49_st_slice_10,,
microUS_49_img_slice_11,microUS_49_gt_slice_11,microUS_49_st_slice_11,,
microUS_49_img_slice_12,microUS_49_gt_slice_12,microUS_49_st_slice_12,,
microUS_49_img_slice_13,microUS_49_gt_slice_13,microUS_49_st_slice_13,,
microUS_49_img_slice_14,microUS_49_gt_slice_14,microUS_49_st_slice_14,,
microUS_49_img_slice_15,microUS_49_gt_slice_15,microUS_49_st_slice_15,,
microUS_49_img_slice_16,microUS_49_gt_slice_16,microUS_49_st_slice_16,,
microUS_49_img_slice_17,microUS_49_gt_slice_17,microUS_49_st_slice_17,,
microUS_49_img_slice_18,microUS_49_gt_slice_18,microUS_49_st_slice_18,,
microUS_49_img_slice_19,microUS_49_gt_slice_19,microUS_49_st_slice_19,,
microUS_49_img_slice_2,microUS_49_gt_slice_2,microUS_49_st_slice_2,,
microUS_49_img_slice_20,microUS_49_gt_slice_20,microUS_49_st_slice_20,,
microUS_49_img_slice_21,microUS_49_gt_slice_21,microUS_49_st_slice_21,,
microUS_49_img_slice_22,microUS_49_gt_slice_22,microUS_49_st_slice_22,,
microUS_49_img_slice_23,microUS_49_gt_slice_23,microUS_49_st_slice_23,,
microUS_49_img_slice_24,microUS_49_gt_slice_24,microUS_49_st_slice_24,,
microUS_49_img_slice_25,microUS_49_gt_slice_25,microUS_49_st_slice_25,,
microUS_49_img_slice_26,microUS_49_gt_slice_26,microUS_49_st_slice_26,,
microUS_49_img_slice_27,microUS_49_gt_slice_27,microUS_49_st_slice_27,,
microUS_49_img_slice_28,microUS_49_gt_slice_28,microUS_49_st_slice_28,,
microUS_49_img_slice_29,microUS_49_gt_slice_29,microUS_49_st_slice_29,,
microUS_49_img_slice_3,microUS_49_gt_slice_3,microUS_49_st_slice_3,,
microUS_49_img_slice_30,microUS_49_gt_slice_30,microUS_49_st_slice_30,,
microUS_49_img_slice_31,microUS_49_gt_slice_31,microUS_49_st_slice_31,,
microUS_49_img_slice_32,microUS_49_gt_slice_32,microUS_49_st_slice_32,,
microUS_49_img_slice_33,microUS_49_gt_slice_33,microUS_49_st_slice_33,,
microUS_49_img_slice_34,microUS_49_gt_slice_34,microUS_49_st_slice_34,,
microUS_49_img_slice_35,microUS_49_gt_slice_35,microUS_49_st_slice_35,,
microUS_49_img_slice_36,microUS_49_gt_slice_36,microUS_49_st_slice_36,,
microUS_49_img_slice_37,microUS_49_gt_slice_37,microUS_49_st_slice_37,,
microUS_49_img_slice_4,microUS_49_gt_slice_4,microUS_49_st_slice_4,,
microUS_49_img_slice_5,microUS_49_gt_slice_5,microUS_49_st_slice_5,,
microUS_49_img_slice_6,microUS_49_gt_slice_6,microUS_49_st_slice_6,,
microUS_49_img_slice_7,microUS_49_gt_slice_7,microUS_49_st_slice_7,,
microUS_49_img_slice_8,microUS_49_gt_slice_8,microUS_49_st_slice_8,,
microUS_49_img_slice_9,microUS_49_gt_slice_9,microUS_49_st_slice_9,,
microUS_50_img_slice_0,microUS_50_gt_slice_0,microUS_50_st_slice_0,,
microUS_50_img_slice_1,microUS_50_gt_slice_1,microUS_50_st_slice_1,,
microUS_50_img_slice_10,microUS_50_gt_slice_10,microUS_50_st_slice_10,,
microUS_50_img_slice_11,microUS_50_gt_slice_11,microUS_50_st_slice_11,,
microUS_50_img_slice_12,microUS_50_gt_slice_12,microUS_50_st_slice_12,,
microUS_50_img_slice_13,microUS_50_gt_slice_13,microUS_50_st_slice_13,,
microUS_50_img_slice_14,microUS_50_gt_slice_14,microUS_50_st_slice_14,,
microUS_50_img_slice_15,microUS_50_gt_slice_15,microUS_50_st_slice_15,,
microUS_50_img_slice_16,microUS_50_gt_slice_16,microUS_50_st_slice_16,,
microUS_50_img_slice_17,microUS_50_gt_slice_17,microUS_50_st_slice_17,,
microUS_50_img_slice_18,microUS_50_gt_slice_18,microUS_50_st_slice_18,,
microUS_50_img_slice_19,microUS_50_gt_slice_19,microUS_50_st_slice_19,,
microUS_50_img_slice_2,microUS_50_gt_slice_2,microUS_50_st_slice_2,,
microUS_50_img_slice_20,microUS_50_gt_slice_20,microUS_50_st_slice_20,,
microUS_50_img_slice_21,microUS_50_gt_slice_21,microUS_50_st_slice_21,,
microUS_50_img_slice_22,microUS_50_gt_slice_22,microUS_50_st_slice_22,,
microUS_50_img_slice_23,microUS_50_gt_slice_23,microUS_50_st_slice_23,,
microUS_50_img_slice_24,microUS_50_gt_slice_24,microUS_50_st_slice_24,,
microUS_50_img_slice_25,microUS_50_gt_slice_25,microUS_50_st_slice_25,,
microUS_50_img_slice_26,microUS_50_gt_slice_26,microUS_50_st_slice_26,,
microUS_50_img_slice_27,microUS_50_gt_slice_27,microUS_50_st_slice_27,,
microUS_50_img_slice_28,microUS_50_gt_slice_28,microUS_50_st_slice_28,,
microUS_50_img_slice_29,microUS_50_gt_slice_29,microUS_50_st_slice_29,,
microUS_50_img_slice_3,microUS_50_gt_slice_3,microUS_50_st_slice_3,,
microUS_50_img_slice_30,microUS_50_gt_slice_30,microUS_50_st_slice_30,,
microUS_50_img_slice_31,microUS_50_gt_slice_31,microUS_50_st_slice_31,,
microUS_50_img_slice_32,microUS_50_gt_slice_32,microUS_50_st_slice_32,,
microUS_50_img_slice_33,microUS_50_gt_slice_33,microUS_50_st_slice_33,,
microUS_50_img_slice_34,microUS_50_gt_slice_34,microUS_50_st_slice_34,,
microUS_50_img_slice_35,microUS_50_gt_slice_35,microUS_50_st_slice_35,,
microUS_50_img_slice_4,microUS_50_gt_slice_4,microUS_50_st_slice_4,,
microUS_50_img_slice_5,microUS_50_gt_slice_5,microUS_50_st_slice_5,,
microUS_50_img_slice_6,microUS_50_gt_slice_6,microUS_50_st_slice_6,,
microUS_50_img_slice_7,microUS_50_gt_slice_7,microUS_50_st_slice_7,,
microUS_50_img_slice_8,microUS_50_gt_slice_8,microUS_50_st_slice_8,,
microUS_50_img_slice_9,microUS_50_gt_slice_9,microUS_50_st_slice_9,,
microUS_51_img_slice_0,microUS_51_gt_slice_0,microUS_51_st_slice_0,,
microUS_51_img_slice_1,microUS_51_gt_slice_1,microUS_51_st_slice_1,,
microUS_51_img_slice_10,microUS_51_gt_slice_10,microUS_51_st_slice_10,,
microUS_51_img_slice_11,microUS_51_gt_slice_11,microUS_51_st_slice_11,,
microUS_51_img_slice_12,microUS_51_gt_slice_12,microUS_51_st_slice_12,,
microUS_51_img_slice_13,microUS_51_gt_slice_13,microUS_51_st_slice_13,,
microUS_51_img_slice_14,microUS_51_gt_slice_14,microUS_51_st_slice_14,,
microUS_51_img_slice_15,microUS_51_gt_slice_15,microUS_51_st_slice_15,,
microUS_51_img_slice_16,microUS_51_gt_slice_16,microUS_51_st_slice_16,,
microUS_51_img_slice_17,microUS_51_gt_slice_17,microUS_51_st_slice_17,,
microUS_51_img_slice_18,microUS_51_gt_slice_18,microUS_51_st_slice_18,,
microUS_51_img_slice_19,microUS_51_gt_slice_19,microUS_51_st_slice_19,,
microUS_51_img_slice_2,microUS_51_gt_slice_2,microUS_51_st_slice_2,,
microUS_51_img_slice_20,microUS_51_gt_slice_20,microUS_51_st_slice_20,,
microUS_51_img_slice_21,microUS_51_gt_slice_21,microUS_51_st_slice_21,,
microUS_51_img_slice_22,microUS_51_gt_slice_22,microUS_51_st_slice_22,,
microUS_51_img_slice_23,microUS_51_gt_slice_23,microUS_51_st_slice_23,,
microUS_51_img_slice_24,microUS_51_gt_slice_24,microUS_51_st_slice_24,,
microUS_51_img_slice_25,microUS_51_gt_slice_25,microUS_51_st_slice_25,,
microUS_51_img_slice_26,microUS_51_gt_slice_26,microUS_51_st_slice_26,,
microUS_51_img_slice_27,microUS_51_gt_slice_27,microUS_51_st_slice_27,,
microUS_51_img_slice_28,microUS_51_gt_slice_28,microUS_51_st_slice_28,,
microUS_51_img_slice_29,microUS_51_gt_slice_29,microUS_51_st_slice_29,,
microUS_51_img_slice_3,microUS_51_gt_slice_3,microUS_51_st_slice_3,,
microUS_51_img_slice_30,microUS_51_gt_slice_30,microUS_51_st_slice_30,,
microUS_51_img_slice_31,microUS_51_gt_slice_31,microUS_51_st_slice_31,,
microUS_51_img_slice_32,microUS_51_gt_slice_32,microUS_51_st_slice_32,,
microUS_51_img_slice_33,microUS_51_gt_slice_33,microUS_51_st_slice_33,,
microUS_51_img_slice_34,microUS_51_gt_slice_34,microUS_51_st_slice_34,,
microUS_51_img_slice_35,microUS_51_gt_slice_35,microUS_51_st_slice_35,,
microUS_51_img_slice_36,microUS_51_gt_slice_36,microUS_51_st_slice_36,,
microUS_51_img_slice_37,microUS_51_gt_slice_37,microUS_51_st_slice_37,,
microUS_51_img_slice_38,microUS_51_gt_slice_38,microUS_51_st_slice_38,,
microUS_51_img_slice_39,microUS_51_gt_slice_39,microUS_51_st_slice_39,,
microUS_51_img_slice_4,microUS_51_gt_slice_4,microUS_51_st_slice_4,,
microUS_51_img_slice_40,microUS_51_gt_slice_40,microUS_51_st_slice_40,,
microUS_51_img_slice_41,microUS_51_gt_slice_41,microUS_51_st_slice_41,,
microUS_51_img_slice_42,microUS_51_gt_slice_42,microUS_51_st_slice_42,,
microUS_51_img_slice_43,microUS_51_gt_slice_43,microUS_51_st_slice_43,,
microUS_51_img_slice_44,microUS_51_gt_slice_44,microUS_51_st_slice_44,,
microUS_51_img_slice_5,microUS_51_gt_slice_5,microUS_51_st_slice_5,,
microUS_51_img_slice_6,microUS_51_gt_slice_6,microUS_51_st_slice_6,,
microUS_51_img_slice_7,microUS_51_gt_slice_7,microUS_51_st_slice_7,,
microUS_51_img_slice_8,microUS_51_gt_slice_8,microUS_51_st_slice_8,,
microUS_51_img_slice_9,microUS_51_gt_slice_9,microUS_51_st_slice_9,,
microUS_52_img_slice_0,microUS_52_gt_slice_0,microUS_52_st_slice_0,,
microUS_52_img_slice_1,microUS_52_gt_slice_1,microUS_52_st_slice_1,,
microUS_52_img_slice_10,microUS_52_gt_slice_10,microUS_52_st_slice_10,,
microUS_52_img_slice_11,microUS_52_gt_slice_11,microUS_52_st_slice_11,,
microUS_52_img_slice_12,microUS_52_gt_slice_12,microUS_52_st_slice_12,,
microUS_52_img_slice_13,microUS_52_gt_slice_13,microUS_52_st_slice_13,,
microUS_52_img_slice_14,microUS_52_gt_slice_14,microUS_52_st_slice_14,,
microUS_52_img_slice_15,microUS_52_gt_slice_15,microUS_52_st_slice_15,,
microUS_52_img_slice_16,microUS_52_gt_slice_16,microUS_52_st_slice_16,,
microUS_52_img_slice_17,microUS_52_gt_slice_17,microUS_52_st_slice_17,,
microUS_52_img_slice_18,microUS_52_gt_slice_18,microUS_52_st_slice_18,,
microUS_52_img_slice_19,microUS_52_gt_slice_19,microUS_52_st_slice_19,,
microUS_52_img_slice_2,microUS_52_gt_slice_2,microUS_52_st_slice_2,,
microUS_52_img_slice_20,microUS_52_gt_slice_20,microUS_52_st_slice_20,,
microUS_52_img_slice_21,microUS_52_gt_slice_21,microUS_52_st_slice_21,,
microUS_52_img_slice_22,microUS_52_gt_slice_22,microUS_52_st_slice_22,,
microUS_52_img_slice_23,microUS_52_gt_slice_23,microUS_52_st_slice_23,,
microUS_52_img_slice_24,microUS_52_gt_slice_24,microUS_52_st_slice_24,,
microUS_52_img_slice_25,microUS_52_gt_slice_25,microUS_52_st_slice_25,,
microUS_52_img_slice_26,microUS_52_gt_slice_26,microUS_52_st_slice_26,,
microUS_52_img_slice_27,microUS_52_gt_slice_27,microUS_52_st_slice_27,,
microUS_52_img_slice_28,microUS_52_gt_slice_28,microUS_52_st_slice_28,,
microUS_52_img_slice_29,microUS_52_gt_slice_29,microUS_52_st_slice_29,,
microUS_52_img_slice_3,microUS_52_gt_slice_3,microUS_52_st_slice_3,,
microUS_52_img_slice_30,microUS_52_gt_slice_30,microUS_52_st_slice_30,,
microUS_52_img_slice_31,microUS_52_gt_slice_31,microUS_52_st_slice_31,,
microUS_52_img_slice_32,microUS_52_gt_slice_32,microUS_52_st_slice_32,,
microUS_52_img_slice_33,microUS_52_gt_slice_33,microUS_52_st_slice_33,,
microUS_52_img_slice_34,microUS_52_gt_slice_34,microUS_52_st_slice_34,,
microUS_52_img_slice_35,microUS_52_gt_slice_35,microUS_52_st_slice_35,,
microUS_52_img_slice_36,microUS_52_gt_slice_36,microUS_52_st_slice_36,,
microUS_52_img_slice_4,microUS_52_gt_slice_4,microUS_52_st_slice_4,,
microUS_52_img_slice_5,microUS_52_gt_slice_5,microUS_52_st_slice_5,,
microUS_52_img_slice_6,microUS_52_gt_slice_6,microUS_52_st_slice_6,,
microUS_52_img_slice_7,microUS_52_gt_slice_7,microUS_52_st_slice_7,,
microUS_52_img_slice_8,microUS_52_gt_slice_8,microUS_52_st_slice_8,,
microUS_52_img_slice_9,microUS_52_gt_slice_9,microUS_52_st_slice_9,,
microUS_53_img_slice_0,microUS_53_gt_slice_0,microUS_53_st_slice_0,,
microUS_53_img_slice_1,microUS_53_gt_slice_1,microUS_53_st_slice_1,,
microUS_53_img_slice_10,microUS_53_gt_slice_10,microUS_53_st_slice_10,,
microUS_53_img_slice_11,microUS_53_gt_slice_11,microUS_53_st_slice_11,,
microUS_53_img_slice_12,microUS_53_gt_slice_12,microUS_53_st_slice_12,,
microUS_53_img_slice_13,microUS_53_gt_slice_13,microUS_53_st_slice_13,,
microUS_53_img_slice_14,microUS_53_gt_slice_14,microUS_53_st_slice_14,,
microUS_53_img_slice_15,microUS_53_gt_slice_15,microUS_53_st_slice_15,,
microUS_53_img_slice_16,microUS_53_gt_slice_16,microUS_53_st_slice_16,,
microUS_53_img_slice_17,microUS_53_gt_slice_17,microUS_53_st_slice_17,,
microUS_53_img_slice_18,microUS_53_gt_slice_18,microUS_53_st_slice_18,,
microUS_53_img_slice_19,microUS_53_gt_slice_19,microUS_53_st_slice_19,,
microUS_53_img_slice_2,microUS_53_gt_slice_2,microUS_53_st_slice_2,,
microUS_53_img_slice_20,microUS_53_gt_slice_20,microUS_53_st_slice_20,,
microUS_53_img_slice_21,microUS_53_gt_slice_21,microUS_53_st_slice_21,,
microUS_53_img_slice_22,microUS_53_gt_slice_22,microUS_53_st_slice_22,,
microUS_53_img_slice_23,microUS_53_gt_slice_23,microUS_53_st_slice_23,,
microUS_53_img_slice_24,microUS_53_gt_slice_24,microUS_53_st_slice_24,,
microUS_53_img_slice_25,microUS_53_gt_slice_25,microUS_53_st_slice_25,,
microUS_53_img_slice_26,microUS_53_gt_slice_26,microUS_53_st_slice_26,,
microUS_53_img_slice_27,microUS_53_gt_slice_27,microUS_53_st_slice_27,,
microUS_53_img_slice_28,microUS_53_gt_slice_28,microUS_53_st_slice_28,,
microUS_53_img_slice_29,microUS_53_gt_slice_29,microUS_53_st_slice_29,,
microUS_53_img_slice_3,microUS_53_gt_slice_3,microUS_53_st_slice_3,,
microUS_53_img_slice_30,microUS_53_gt_slice_30,microUS_53_st_slice_30,,
microUS_53_img_slice_31,microUS_53_gt_slice_31,microUS_53_st_slice_31,,
microUS_53_img_slice_32,microUS_53_gt_slice_32,microUS_53_st_slice_32,,
microUS_53_img_slice_33,microUS_53_gt_slice_33,microUS_53_st_slice_33,,
microUS_53_img_slice_34,microUS_53_gt_slice_34,microUS_53_st_slice_34,,
microUS_53_img_slice_4,microUS_53_gt_slice_4,microUS_53_st_slice_4,,
microUS_53_img_slice_5,microUS_53_gt_slice_5,microUS_53_st_slice_5,,
microUS_53_img_slice_6,microUS_53_gt_slice_6,microUS_53_st_slice_6,,
microUS_53_img_slice_7,microUS_53_gt_slice_7,microUS_53_st_slice_7,,
microUS_53_img_slice_8,microUS_53_gt_slice_8,microUS_53_st_slice_8,,
microUS_53_img_slice_9,microUS_53_gt_slice_9,microUS_53_st_slice_9,,
microUS_54_img_slice_0,microUS_54_gt_slice_0,microUS_54_st_slice_0,,
microUS_54_img_slice_1,microUS_54_gt_slice_1,microUS_54_st_slice_1,,
microUS_54_img_slice_10,microUS_54_gt_slice_10,microUS_54_st_slice_10,,
microUS_54_img_slice_11,microUS_54_gt_slice_11,microUS_54_st_slice_11,,
microUS_54_img_slice_12,microUS_54_gt_slice_12,microUS_54_st_slice_12,,
microUS_54_img_slice_13,microUS_54_gt_slice_13,microUS_54_st_slice_13,,
microUS_54_img_slice_14,microUS_54_gt_slice_14,microUS_54_st_slice_14,,
microUS_54_img_slice_15,microUS_54_gt_slice_15,microUS_54_st_slice_15,,
microUS_54_img_slice_16,microUS_54_gt_slice_16,microUS_54_st_slice_16,,
microUS_54_img_slice_17,microUS_54_gt_slice_17,microUS_54_st_slice_17,,
microUS_54_img_slice_18,microUS_54_gt_slice_18,microUS_54_st_slice_18,,
microUS_54_img_slice_19,microUS_54_gt_slice_19,microUS_54_st_slice_19,,
microUS_54_img_slice_2,microUS_54_gt_slice_2,microUS_54_st_slice_2,,
microUS_54_img_slice_20,microUS_54_gt_slice_20,microUS_54_st_slice_20,,
microUS_54_img_slice_21,microUS_54_gt_slice_21,microUS_54_st_slice_21,,
microUS_54_img_slice_22,microUS_54_gt_slice_22,microUS_54_st_slice_22,,
microUS_54_img_slice_23,microUS_54_gt_slice_23,microUS_54_st_slice_23,,
microUS_54_img_slice_24,microUS_54_gt_slice_24,microUS_54_st_slice_24,,
microUS_54_img_slice_25,microUS_54_gt_slice_25,microUS_54_st_slice_25,,
microUS_54_img_slice_26,microUS_54_gt_slice_26,microUS_54_st_slice_26,,
microUS_54_img_slice_27,microUS_54_gt_slice_27,microUS_54_st_slice_27,,
microUS_54_img_slice_28,microUS_54_gt_slice_28,microUS_54_st_slice_28,,
microUS_54_img_slice_29,microUS_54_gt_slice_29,microUS_54_st_slice_29,,
microUS_54_img_slice_3,microUS_54_gt_slice_3,microUS_54_st_slice_3,,
microUS_54_img_slice_30,microUS_54_gt_slice_30,microUS_54_st_slice_30,,
microUS_54_img_slice_31,microUS_54_gt_slice_31,microUS_54_st_slice_31,,
microUS_54_img_slice_32,microUS_54_gt_slice_32,microUS_54_st_slice_32,,
microUS_54_img_slice_33,microUS_54_gt_slice_33,microUS_54_st_slice_33,,
microUS_54_img_slice_34,microUS_54_gt_slice_34,microUS_54_st_slice_34,,
microUS_54_img_slice_35,microUS_54_gt_slice_35,microUS_54_st_slice_35,,
microUS_54_img_slice_36,microUS_54_gt_slice_36,microUS_54_st_slice_36,,
microUS_54_img_slice_37,microUS_54_gt_slice_37,microUS_54_st_slice_37,,
microUS_54_img_slice_38,microUS_54_gt_slice_38,microUS_54_st_slice_38,,
microUS_54_img_slice_4,microUS_54_gt_slice_4,microUS_54_st_slice_4,,
microUS_54_img_slice_5,microUS_54_gt_slice_5,microUS_54_st_slice_5,,
microUS_54_img_slice_6,microUS_54_gt_slice_6,microUS_54_st_slice_6,,
microUS_54_img_slice_7,microUS_54_gt_slice_7,microUS_54_st_slice_7,,
microUS_54_img_slice_8,microUS_54_gt_slice_8,microUS_54_st_slice_8,,
microUS_54_img_slice_9,microUS_54_gt_slice_9,microUS_54_st_slice_9,,
microUS_55_img_slice_0,microUS_55_gt_slice_0,microUS_55_st_slice_0,,
microUS_55_img_slice_1,microUS_55_gt_slice_1,microUS_55_st_slice_1,,
microUS_55_img_slice_10,microUS_55_gt_slice_10,microUS_55_st_slice_10,,
microUS_55_img_slice_11,microUS_55_gt_slice_11,microUS_55_st_slice_11,,
microUS_55_img_slice_12,microUS_55_gt_slice_12,microUS_55_st_slice_12,,
microUS_55_img_slice_13,microUS_55_gt_slice_13,microUS_55_st_slice_13,,
microUS_55_img_slice_14,microUS_55_gt_slice_14,microUS_55_st_slice_14,,
microUS_55_img_slice_15,microUS_55_gt_slice_15,microUS_55_st_slice_15,,
microUS_55_img_slice_16,microUS_55_gt_slice_16,microUS_55_st_slice_16,,
microUS_55_img_slice_17,microUS_55_gt_slice_17,microUS_55_st_slice_17,,
microUS_55_img_slice_18,microUS_55_gt_slice_18,microUS_55_st_slice_18,,
microUS_55_img_slice_19,microUS_55_gt_slice_19,microUS_55_st_slice_19,,
microUS_55_img_slice_2,microUS_55_gt_slice_2,microUS_55_st_slice_2,,
microUS_55_img_slice_20,microUS_55_gt_slice_20,microUS_55_st_slice_20,,
microUS_55_img_slice_21,microUS_55_gt_slice_21,microUS_55_st_slice_21,,
microUS_55_img_slice_22,microUS_55_gt_slice_22,microUS_55_st_slice_22,,
microUS_55_img_slice_23,microUS_55_gt_slice_23,microUS_55_st_slice_23,,
microUS_55_img_slice_24,microUS_55_gt_slice_24,microUS_55_st_slice_24,,
microUS_55_img_slice_25,microUS_55_gt_slice_25,microUS_55_st_slice_25,,
microUS_55_img_slice_26,microUS_55_gt_slice_26,microUS_55_st_slice_26,,
microUS_55_img_slice_27,microUS_55_gt_slice_27,microUS_55_st_slice_27,,
microUS_55_img_slice_28,microUS_55_gt_slice_28,microUS_55_st_slice_28,,
microUS_55_img_slice_29,microUS_55_gt_slice_29,microUS_55_st_slice_29,,
microUS_55_img_slice_3,microUS_55_gt_slice_3,microUS_55_st_slice_3,,
microUS_55_img_slice_30,microUS_55_gt_slice_30,microUS_55_st_slice_30,,
microUS_55_img_slice_31,microUS_55_gt_slice_31,microUS_55_st_slice_31,,
microUS_55_img_slice_32,microUS_55_gt_slice_32,microUS_55_st_slice_32,,
microUS_55_img_slice_33,microUS_55_gt_slice_33,microUS_55_st_slice_33,,
microUS_55_img_slice_34,microUS_55_gt_slice_34,microUS_55_st_slice_34,,
microUS_55_img_slice_4,microUS_55_gt_slice_4,microUS_55_st_slice_4,,
microUS_55_img_slice_5,microUS_55_gt_slice_5,microUS_55_st_slice_5,,
microUS_55_img_slice_6,microUS_55_gt_slice_6,microUS_55_st_slice_6,,
microUS_55_img_slice_7,microUS_55_gt_slice_7,microUS_55_st_slice_7,,
microUS_55_img_slice_8,microUS_55_gt_slice_8,microUS_55_st_slice_8,,
microUS_55_img_slice_9,microUS_55_gt_slice_9,microUS_55_st_slice_9,,
